doc_id,responsive
DOC-00000,0
DOC-00001,0
DOC-00002,0
DOC-00003,0
DOC-00004,0
DOC-00005,0
DOC-00006,0
DOC-00007,1
DOC-00008,0
DOC-00009,1
DOC-00010,0
DOC-00011,0
DOC-00012,0
DOC-00013,0
DOC-00014,0
DOC-00015,0
DOC-00016,0
DOC-00017,0
DOC-00018,0
DOC-00019,0
DOC-00020,0
DOC-00021,0
DOC-00022,0
DOC-00023,0
DOC-00024,0
DOC-00025,0
DOC-00026,0
DOC-00027,0
DOC-00028,0
DOC-00029,1
DOC-00030,0
DOC-00031,0
DOC-00032,0
DOC-00033,0
DOC-00034,0
DOC-00035,0
DOC-00036,0
DOC-00037,0
DOC-00038,0
DOC-00039,1
DOC-00040,0
DOC-00041,0
DOC-00042,0
DOC-00043,0
DOC-00044,0
DOC-00045,0
DOC-00046,1
DOC-00047,0
DOC-00048,0
DOC-00049,0
DOC-00050,0
DOC-00051,0
DOC-00052,1
DOC-00053,0
DOC-00054,0
DOC-00055,1
DOC-00056,1
DOC-00057,0
DOC-00058,0
DOC-00059,0
DOC-00060,0
DOC-00061,0
DOC-00062,0
DOC-00063,0
DOC-00064,0
DOC-00065,0
DOC-00066,0
DOC-00067,0
DOC-00068,1
DOC-00069,0
DOC-00070,0
DOC-00071,0
DOC-00072,1
DOC-00073,1
DOC-00074,0
DOC-00075,0
DOC-00076,0
DOC-00077,0
DOC-00078,0
DOC-00079,0
DOC-00080,0
DOC-00081,0
DOC-00082,0
DOC-00083,0
DOC-00084,1
DOC-00085,0
DOC-00086,0
DOC-00087,0
DOC-00088,0
DOC-00089,0
DOC-00090,0
DOC-00091,0
DOC-00092,0
DOC-00093,0
DOC-00094,0
DOC-00095,0
DOC-00096,1
DOC-00097,0
DOC-00098,0
DOC-00099,1
DOC-00100,0
DOC-00101,1
DOC-00102,1
DOC-00103,0
DOC-00104,0
DOC-00105,0
DOC-00106,0
DOC-00107,0
DOC-00108,0
DOC-00109,0
DOC-00110,0
DOC-00111,0
DOC-00112,0
DOC-00113,0
DOC-00114,1
DOC-00115,1
DOC-00116,1
DOC-00117,1
DOC-00118,0
DOC-00119,0
DOC-00120,0
DOC-00121,0
DOC-00122,0
DOC-00123,0
DOC-00124,0
DOC-00125,0
DOC-00126,1
DOC-00127,0
DOC-00128,1
DOC-00129,0
DOC-00130,0
DOC-00131,0
DOC-00132,1
DOC-00133,1
DOC-00134,0
DOC-00135,0
DOC-00136,0
DOC-00137,0
DOC-00138,0
DOC-00139,0
DOC-00140,0
DOC-00141,0
DOC-00142,0
DOC-00143,1
DOC-00144,0
DOC-00145,1
DOC-00146,0
DOC-00147,0
DOC-00148,1
DOC-00149,0
DOC-00150,0
DOC-00151,0
DOC-00152,1
DOC-00153,1
DOC-00154,0
DOC-00155,0
DOC-00156,1
DOC-00157,0
DOC-00158,0
DOC-00159,1
DOC-00160,0
DOC-00161,0
DOC-00162,0
DOC-00163,0
DOC-00164,0
DOC-00165,0
DOC-00166,0
DOC-00167,0
DOC-00168,0
DOC-00169,0
DOC-00170,0
DOC-00171,1
DOC-00172,0
DOC-00173,1
DOC-00174,0
DOC-00175,1
DOC-00176,0
DOC-00177,0
DOC-00178,0
DOC-00179,0
DOC-00180,1
DOC-00181,0
DOC-00182,0
DOC-00183,0
DOC-00184,0
DOC-00185,0
DOC-00186,0
DOC-00187,0
DOC-00188,0
DOC-00189,0
DOC-00190,1
DOC-00191,0
DOC-00192,1
DOC-00193,0
DOC-00194,0
DOC-00195,0
DOC-00196,0
DOC-00197,0
DOC-00198,1
DOC-00199,0
DOC-00200,0
DOC-00201,0
DOC-00202,0
DOC-00203,0
DOC-00204,0
DOC-00205,0
DOC-00206,0
DOC-00207,0
DOC-00208,0
DOC-00209,0
DOC-00210,0
DOC-00211,1
DOC-00212,0
DOC-00213,1
DOC-00214,1
DOC-00215,1
DOC-00216,0
DOC-00217,1
DOC-00218,1
DOC-00219,1
DOC-00220,0
DOC-00221,0
DOC-00222,0
DOC-00223,0
DOC-00224,0
DOC-00225,0
DOC-00226,0
DOC-00227,0
DOC-00228,0
DOC-00229,0
DOC-00230,0
DOC-00231,0
DOC-00232,1
DOC-00233,0
DOC-00234,0
DOC-00235,0
DOC-00236,0
DOC-00237,0
DOC-00238,1
DOC-00239,0
DOC-00240,1
DOC-00241,0
DOC-00242,0
DOC-00243,0
DOC-00244,0
DOC-00245,0
DOC-00246,0
DOC-00247,0
DOC-00248,0
DOC-00249,0
DOC-00250,0
DOC-00251,0
DOC-00252,0
DOC-00253,0
DOC-00254,0
DOC-00255,0
DOC-00256,0
DOC-00257,1
DOC-00258,0
DOC-00259,1
DOC-00260,0
DOC-00261,1
DOC-00262,0
DOC-00263,0
DOC-00264,1
DOC-00265,0
DOC-00266,0
DOC-00267,1
DOC-00268,0
DOC-00269,1
DOC-00270,0
DOC-00271,0
DOC-00272,1
DOC-00273,0
DOC-00274,0
DOC-00275,0
DOC-00276,0
DOC-00277,0
DOC-00278,0
DOC-00279,0
DOC-00280,0
DOC-00281,1
DOC-00282,0
DOC-00283,0
DOC-00284,1
DOC-00285,0
DOC-00286,0
DOC-00287,0
DOC-00288,0
DOC-00289,0
DOC-00290,1
DOC-00291,0
DOC-00292,0
DOC-00293,0
DOC-00294,1
DOC-00295,0
DOC-00296,0
DOC-00297,0
DOC-00298,0
DOC-00299,0
DOC-00300,0
DOC-00301,0
DOC-00302,1
DOC-00303,1
DOC-00304,0
DOC-00305,0
DOC-00306,0
DOC-00307,0
DOC-00308,1
DOC-00309,0
DOC-00310,1
DOC-00311,1
DOC-00312,0
DOC-00313,1
DOC-00314,0
DOC-00315,0
DOC-00316,0
DOC-00317,0
DOC-00318,0
DOC-00319,0
DOC-00320,1
DOC-00321,0
DOC-00322,0
DOC-00323,0
DOC-00324,0
DOC-00325,0
DOC-00326,0
DOC-00327,0
DOC-00328,0
DOC-00329,0
DOC-00330,0
DOC-00331,0
DOC-00332,0
DOC-00333,0
DOC-00334,0
DOC-00335,0
DOC-00336,0
DOC-00337,1
DOC-00338,0
DOC-00339,0
DOC-00340,0
DOC-00341,1
DOC-00342,1
DOC-00343,0
DOC-00344,0
DOC-00345,0
DOC-00346,0
DOC-00347,0
DOC-00348,0
DOC-00349,0
DOC-00350,0
DOC-00351,0
DOC-00352,0
DOC-00353,0
DOC-00354,0
DOC-00355,1
DOC-00356,0
DOC-00357,1
DOC-00358,1
DOC-00359,0
DOC-00360,0
DOC-00361,0
DOC-00362,1
DOC-00363,0
DOC-00364,1
DOC-00365,0
DOC-00366,0
DOC-00367,0
DOC-00368,0
DOC-00369,0
DOC-00370,0
DOC-00371,1
DOC-00372,0
DOC-00373,0
DOC-00374,0
DOC-00375,0
DOC-00376,0
DOC-00377,1
DOC-00378,0
DOC-00379,0
DOC-00380,0
DOC-00381,0
DOC-00382,1
DOC-00383,0
DOC-00384,0
DOC-00385,1
DOC-00386,1
DOC-00387,0
DOC-00388,0
DOC-00389,0
DOC-00390,0
DOC-00391,1
DOC-00392,0
DOC-00393,0
DOC-00394,0
DOC-00395,0
DOC-00396,0
DOC-00397,0
DOC-00398,1
DOC-00399,0
DOC-00400,1
DOC-00401,0
DOC-00402,0
DOC-00403,0
DOC-00404,1
DOC-00405,0
DOC-00406,0
DOC-00407,1
DOC-00408,0
DOC-00409,0
DOC-00410,0
DOC-00411,0
DOC-00412,1
DOC-00413,0
DOC-00414,0
DOC-00415,0
DOC-00416,0
DOC-00417,0
DOC-00418,0
DOC-00419,1
DOC-00420,1
DOC-00421,1
DOC-00422,0
DOC-00423,0
DOC-00424,0
DOC-00425,1
DOC-00426,0
DOC-00427,0
DOC-00428,0
DOC-00429,0
DOC-00430,0
DOC-00431,0
DOC-00432,0
DOC-00433,1
DOC-00434,0
DOC-00435,0
DOC-00436,0
DOC-00437,1
DOC-00438,0
DOC-00439,0
DOC-00440,0
DOC-00441,0
DOC-00442,0
DOC-00443,0
DOC-00444,0
DOC-00445,0
DOC-00446,0
DOC-00447,0
DOC-00448,0
DOC-00449,0
DOC-00450,1
DOC-00451,0
DOC-00452,0
DOC-00453,0
DOC-00454,0
DOC-00455,0
DOC-00456,0
DOC-00457,1
DOC-00458,0
DOC-00459,0
DOC-00460,1
DOC-00461,0
DOC-00462,0
DOC-00463,0
DOC-00464,0
DOC-00465,1
DOC-00466,0
DOC-00467,0
DOC-00468,0
DOC-00469,0
DOC-00470,0
DOC-00471,0
DOC-00472,0
DOC-00473,0
DOC-00474,0
DOC-00475,0
DOC-00476,1
DOC-00477,0
DOC-00478,0
DOC-00479,1
DOC-00480,0
DOC-00481,0
DOC-00482,0
DOC-00483,0
DOC-00484,1
DOC-00485,0
DOC-00486,0
DOC-00487,1
DOC-00488,0
DOC-00489,1
DOC-00490,1
DOC-00491,0
DOC-00492,0
DOC-00493,0
DOC-00494,0
DOC-00495,0
DOC-00496,0
DOC-00497,0
DOC-00498,0
DOC-00499,0
DOC-00500,1
DOC-00501,1
DOC-00502,1
DOC-00503,0
DOC-00504,0
DOC-00505,0
DOC-00506,0
DOC-00507,0
DOC-00508,1
DOC-00509,0
DOC-00510,1
DOC-00511,0
DOC-00512,0
DOC-00513,0
DOC-00514,0
DOC-00515,1
DOC-00516,1
DOC-00517,0
DOC-00518,1
DOC-00519,0
DOC-00520,0
DOC-00521,0
DOC-00522,0
DOC-00523,0
DOC-00524,0
DOC-00525,0
DOC-00526,0
DOC-00527,0
DOC-00528,0
DOC-00529,0
DOC-00530,0
DOC-00531,0
DOC-00532,0
DOC-00533,0
DOC-00534,0
DOC-00535,0
DOC-00536,0
DOC-00537,1
DOC-00538,0
DOC-00539,0
DOC-00540,0
DOC-00541,0
DOC-00542,0
DOC-00543,0
DOC-00544,1
DOC-00545,0
DOC-00546,0
DOC-00547,0
DOC-00548,0
DOC-00549,0
DOC-00550,0
DOC-00551,0
DOC-00552,0
DOC-00553,0
DOC-00554,0
DOC-00555,1
DOC-00556,0
DOC-00557,0
DOC-00558,0
DOC-00559,0
DOC-00560,0
DOC-00561,0
DOC-00562,0
DOC-00563,0
DOC-00564,0
DOC-00565,0
DOC-00566,0
DOC-00567,0
DOC-00568,0
DOC-00569,1
DOC-00570,0
DOC-00571,0
DOC-00572,0
DOC-00573,1
DOC-00574,0
DOC-00575,0
DOC-00576,1
DOC-00577,0
DOC-00578,0
DOC-00579,0
DOC-00580,1
DOC-00581,0
DOC-00582,0
DOC-00583,0
DOC-00584,1
DOC-00585,0
DOC-00586,0
DOC-00587,1
DOC-00588,1
DOC-00589,0
DOC-00590,0
DOC-00591,0
DOC-00592,0
DOC-00593,0
DOC-00594,0
DOC-00595,0
DOC-00596,0
DOC-00597,0
DOC-00598,1
DOC-00599,0
DOC-00600,0
DOC-00601,0
DOC-00602,0
DOC-00603,0
DOC-00604,0
DOC-00605,0
DOC-00606,0
DOC-00607,0
DOC-00608,0
DOC-00609,0
DOC-00610,0
DOC-00611,1
DOC-00612,0
DOC-00613,0
DOC-00614,1
DOC-00615,1
DOC-00616,1
DOC-00617,1
DOC-00618,0
DOC-00619,0
DOC-00620,0
DOC-00621,0
DOC-00622,0
DOC-00623,0
DOC-00624,0
DOC-00625,0
DOC-00626,1
DOC-00627,0
DOC-00628,0
DOC-00629,0
DOC-00630,0
DOC-00631,0
DOC-00632,1
DOC-00633,0
DOC-00634,0
DOC-00635,1
DOC-00636,0
DOC-00637,0
DOC-00638,1
DOC-00639,0
DOC-00640,0
DOC-00641,0
DOC-00642,0
DOC-00643,0
DOC-00644,0
DOC-00645,0
DOC-00646,0
DOC-00647,0
DOC-00648,0
DOC-00649,0
DOC-00650,0
DOC-00651,0
DOC-00652,0
DOC-00653,1
DOC-00654,0
DOC-00655,0
DOC-00656,0
DOC-00657,0
DOC-00658,0
DOC-00659,0
DOC-00660,0
DOC-00661,1
DOC-00662,0
DOC-00663,0
DOC-00664,0
DOC-00665,0
DOC-00666,0
DOC-00667,0
DOC-00668,1
DOC-00669,0
DOC-00670,1
DOC-00671,0
DOC-00672,0
DOC-00673,0
DOC-00674,0
DOC-00675,0
DOC-00676,0
DOC-00677,0
DOC-00678,0
DOC-00679,0
DOC-00680,0
DOC-00681,1
DOC-00682,0
DOC-00683,0
DOC-00684,0
DOC-00685,0
DOC-00686,0
DOC-00687,1
DOC-00688,0
DOC-00689,0
DOC-00690,0
DOC-00691,0
DOC-00692,0
DOC-00693,0
DOC-00694,0
DOC-00695,1
DOC-00696,0
DOC-00697,0
DOC-00698,0
DOC-00699,0
DOC-00700,0
DOC-00701,0
DOC-00702,0
DOC-00703,1
DOC-00704,0
DOC-00705,0
DOC-00706,1
DOC-00707,0
DOC-00708,0
DOC-00709,0
DOC-00710,0
DOC-00711,0
DOC-00712,0
DOC-00713,0
DOC-00714,0
DOC-00715,1
DOC-00716,0
DOC-00717,0
DOC-00718,0
DOC-00719,0
DOC-00720,0
DOC-00721,1
DOC-00722,0
DOC-00723,0
DOC-00724,0
DOC-00725,0
DOC-00726,1
DOC-00727,0
DOC-00728,0
DOC-00729,0
DOC-00730,0
DOC-00731,1
DOC-00732,0
DOC-00733,0
DOC-00734,0
DOC-00735,0
DOC-00736,1
DOC-00737,0
DOC-00738,0
DOC-00739,0
DOC-00740,0
DOC-00741,0
DOC-00742,0
DOC-00743,0
DOC-00744,0
DOC-00745,0
DOC-00746,0
DOC-00747,1
DOC-00748,0
DOC-00749,0
DOC-00750,0
DOC-00751,0
DOC-00752,1
DOC-00753,0
DOC-00754,1
DOC-00755,0
DOC-00756,0
DOC-00757,0
DOC-00758,0
DOC-00759,0
DOC-00760,1
DOC-00761,0
DOC-00762,0
DOC-00763,0
DOC-00764,1
DOC-00765,0
DOC-00766,0
DOC-00767,0
DOC-00768,0
DOC-00769,0
DOC-00770,0
DOC-00771,0
DOC-00772,0
DOC-00773,0
DOC-00774,0
DOC-00775,0
DOC-00776,0
DOC-00777,0
DOC-00778,0
DOC-00779,0
DOC-00780,0
DOC-00781,0
DOC-00782,1
DOC-00783,0
DOC-00784,0
DOC-00785,0
DOC-00786,1
DOC-00787,0
DOC-00788,0
DOC-00789,0
DOC-00790,0
DOC-00791,0
DOC-00792,0
DOC-00793,0
DOC-00794,0
DOC-00795,1
DOC-00796,0
DOC-00797,1
DOC-00798,1
DOC-00799,0
DOC-00800,0
DOC-00801,1
DOC-00802,1
DOC-00803,1
DOC-00804,1
DOC-00805,0
DOC-00806,0
DOC-00807,0
DOC-00808,1
DOC-00809,1
DOC-00810,0
DOC-00811,1
DOC-00812,0
DOC-00813,0
DOC-00814,0
DOC-00815,0
DOC-00816,1
DOC-00817,0
DOC-00818,0
DOC-00819,0
DOC-00820,0
DOC-00821,0
DOC-00822,0
DOC-00823,0
DOC-00824,1
DOC-00825,1
DOC-00826,0
DOC-00827,1
DOC-00828,0
DOC-00829,0
DOC-00830,0
DOC-00831,0
DOC-00832,1
DOC-00833,0
DOC-00834,0
DOC-00835,0
DOC-00836,0
DOC-00837,0
DOC-00838,0
DOC-00839,0
DOC-00840,0
DOC-00841,0
DOC-00842,1
DOC-00843,0
DOC-00844,1
DOC-00845,0
DOC-00846,0
DOC-00847,0
DOC-00848,0
DOC-00849,0
DOC-00850,0
DOC-00851,0
DOC-00852,0
DOC-00853,0
DOC-00854,0
DOC-00855,0
DOC-00856,0
DOC-00857,0
DOC-00858,0
DOC-00859,0
DOC-00860,0
DOC-00861,0
DOC-00862,0
DOC-00863,1
DOC-00864,1
DOC-00865,0
DOC-00866,0
DOC-00867,0
DOC-00868,0
DOC-00869,0
DOC-00870,0
DOC-00871,0
DOC-00872,0
DOC-00873,0
DOC-00874,0
DOC-00875,0
DOC-00876,0
DOC-00877,1
DOC-00878,0
DOC-00879,0
DOC-00880,0
DOC-00881,0
DOC-00882,0
DOC-00883,1
DOC-00884,0
DOC-00885,1
DOC-00886,0
DOC-00887,0
DOC-00888,1
DOC-00889,0
DOC-00890,1
DOC-00891,1
DOC-00892,0
DOC-00893,0
DOC-00894,0
DOC-00895,0
DOC-00896,0
DOC-00897,0
DOC-00898,0
DOC-00899,0
DOC-00900,0
DOC-00901,0
DOC-00902,1
DOC-00903,1
DOC-00904,0
DOC-00905,0
DOC-00906,0
DOC-00907,0
DOC-00908,0
DOC-00909,0
DOC-00910,0
DOC-00911,0
DOC-00912,0
DOC-00913,0
DOC-00914,0
DOC-00915,0
DOC-00916,0
DOC-00917,0
DOC-00918,0
DOC-00919,1
DOC-00920,0
DOC-00921,1
DOC-00922,0
DOC-00923,0
DOC-00924,0
DOC-00925,0
DOC-00926,0
DOC-00927,0
DOC-00928,0
DOC-00929,0
DOC-00930,0
DOC-00931,0
DOC-00932,1
DOC-00933,0
DOC-00934,1
DOC-00935,0
DOC-00936,1
DOC-00937,1
DOC-00938,0
DOC-00939,1
DOC-00940,1
DOC-00941,0
DOC-00942,0
DOC-00943,0
DOC-00944,0
DOC-00945,0
DOC-00946,0
DOC-00947,0
DOC-00948,0
DOC-00949,0
DOC-00950,1
DOC-00951,0
DOC-00952,0
DOC-00953,0
DOC-00954,0
DOC-00955,0
DOC-00956,0
DOC-00957,0
DOC-00958,0
DOC-00959,1
DOC-00960,0
DOC-00961,0
DOC-00962,0
DOC-00963,0
DOC-00964,0
DOC-00965,1
DOC-00966,1
DOC-00967,1
DOC-00968,0
DOC-00969,0
DOC-00970,0
DOC-00971,0
DOC-00972,0
DOC-00973,1
DOC-00974,0
DOC-00975,0
DOC-00976,0
DOC-00977,0
DOC-00978,0
DOC-00979,0
DOC-00980,0
DOC-00981,0
DOC-00982,0
DOC-00983,0
DOC-00984,0
DOC-00985,0
DOC-00986,0
DOC-00987,1
DOC-00988,1
DOC-00989,0
DOC-00990,0
DOC-00991,1
DOC-00992,0
DOC-00993,0
DOC-00994,0
DOC-00995,0
DOC-00996,0
DOC-00997,0
DOC-00998,0
DOC-00999,0
DOC-01000,0
DOC-01001,0
DOC-01002,0
DOC-01003,0
DOC-01004,0
DOC-01005,0
DOC-01006,0
DOC-01007,0
DOC-01008,0
DOC-01009,0
DOC-01010,0
DOC-01011,0
DOC-01012,0
DOC-01013,0
DOC-01014,0
DOC-01015,0
DOC-01016,1
DOC-01017,1
DOC-01018,0
DOC-01019,0
DOC-01020,0
DOC-01021,0
DOC-01022,0
DOC-01023,1
DOC-01024,0
DOC-01025,0
DOC-01026,0
DOC-01027,0
DOC-01028,0
DOC-01029,0
DOC-01030,0
DOC-01031,0
DOC-01032,0
DOC-01033,0
DOC-01034,0
DOC-01035,0
DOC-01036,0
DOC-01037,0
DOC-01038,1
DOC-01039,0
DOC-01040,0
DOC-01041,0
DOC-01042,0
DOC-01043,0
DOC-01044,0
DOC-01045,0
DOC-01046,1
DOC-01047,0
DOC-01048,0
DOC-01049,0
DOC-01050,0
DOC-01051,0
DOC-01052,0
DOC-01053,0
DOC-01054,0
DOC-01055,0
DOC-01056,1
DOC-01057,0
DOC-01058,0
DOC-01059,0
DOC-01060,0
DOC-01061,0
DOC-01062,0
DOC-01063,0
DOC-01064,0
DOC-01065,0
DOC-01066,0
DOC-01067,0
DOC-01068,0
DOC-01069,0
DOC-01070,0
DOC-01071,0
DOC-01072,0
DOC-01073,0
DOC-01074,0
DOC-01075,0
DOC-01076,1
DOC-01077,0
DOC-01078,0
DOC-01079,0
DOC-01080,0
DOC-01081,0
DOC-01082,1
DOC-01083,0
DOC-01084,0
DOC-01085,0
DOC-01086,0
DOC-01087,0
DOC-01088,0
DOC-01089,0
DOC-01090,0
DOC-01091,1
DOC-01092,0
DOC-01093,0
DOC-01094,0
DOC-01095,1
DOC-01096,0
DOC-01097,0
DOC-01098,0
DOC-01099,0
DOC-01100,0
DOC-01101,0
DOC-01102,0
DOC-01103,1
DOC-01104,0
DOC-01105,0
DOC-01106,0
DOC-01107,0
DOC-01108,0
DOC-01109,0
DOC-01110,1
DOC-01111,0
DOC-01112,0
DOC-01113,0
DOC-01114,0
DOC-01115,0
DOC-01116,0
DOC-01117,0
DOC-01118,0
DOC-01119,0
DOC-01120,1
DOC-01121,0
DOC-01122,0
DOC-01123,1
DOC-01124,0
DOC-01125,0
DOC-01126,0
DOC-01127,1
DOC-01128,0
DOC-01129,0
DOC-01130,0
DOC-01131,0
DOC-01132,0
DOC-01133,0
DOC-01134,0
DOC-01135,0
DOC-01136,0
DOC-01137,1
DOC-01138,1
DOC-01139,0
DOC-01140,0
DOC-01141,0
DOC-01142,0
DOC-01143,0
DOC-01144,0
DOC-01145,0
DOC-01146,0
DOC-01147,0
DOC-01148,0
DOC-01149,0
DOC-01150,0
DOC-01151,0
DOC-01152,0
DOC-01153,0
DOC-01154,0
DOC-01155,0
DOC-01156,1
DOC-01157,1
DOC-01158,0
DOC-01159,0
DOC-01160,0
DOC-01161,0
DOC-01162,1
DOC-01163,0
DOC-01164,0
DOC-01165,0
DOC-01166,0
DOC-01167,1
DOC-01168,0
DOC-01169,0
DOC-01170,0
DOC-01171,0
DOC-01172,1
DOC-01173,0
DOC-01174,0
DOC-01175,0
DOC-01176,0
DOC-01177,0
DOC-01178,0
DOC-01179,1
DOC-01180,1
DOC-01181,0
DOC-01182,0
DOC-01183,0
DOC-01184,1
DOC-01185,0
DOC-01186,0
DOC-01187,1
DOC-01188,0
DOC-01189,1
DOC-01190,0
DOC-01191,1
DOC-01192,1
DOC-01193,0
DOC-01194,1
DOC-01195,0
DOC-01196,0
DOC-01197,0
DOC-01198,0
DOC-01199,1
DOC-01200,1
DOC-01201,0
DOC-01202,0
DOC-01203,0
DOC-01204,0
DOC-01205,0
DOC-01206,0
DOC-01207,1
DOC-01208,0
DOC-01209,0
DOC-01210,0
DOC-01211,0
DOC-01212,0
DOC-01213,1
DOC-01214,0
DOC-01215,0
DOC-01216,0
DOC-01217,0
DOC-01218,0
DOC-01219,0
DOC-01220,0
DOC-01221,0
DOC-01222,1
DOC-01223,0
DOC-01224,0
DOC-01225,1
DOC-01226,0
DOC-01227,0
DOC-01228,0
DOC-01229,0
DOC-01230,0
DOC-01231,0
DOC-01232,1
DOC-01233,0
DOC-01234,0
DOC-01235,0
DOC-01236,0
DOC-01237,0
DOC-01238,0
DOC-01239,0
DOC-01240,0
DOC-01241,0
DOC-01242,0
DOC-01243,0
DOC-01244,0
DOC-01245,0
DOC-01246,1
DOC-01247,0
DOC-01248,0
DOC-01249,0
DOC-01250,1
DOC-01251,0
DOC-01252,0
DOC-01253,0
DOC-01254,0
DOC-01255,0
DOC-01256,0
DOC-01257,1
DOC-01258,0
DOC-01259,0
DOC-01260,0
DOC-01261,0
DOC-01262,0
DOC-01263,1
DOC-01264,1
DOC-01265,0
DOC-01266,0
DOC-01267,0
DOC-01268,0
DOC-01269,0
DOC-01270,0
DOC-01271,0
DOC-01272,0
DOC-01273,0
DOC-01274,0
DOC-01275,0
DOC-01276,0
DOC-01277,1
DOC-01278,0
DOC-01279,0
DOC-01280,0
DOC-01281,0
DOC-01282,0
DOC-01283,0
DOC-01284,1
DOC-01285,0
DOC-01286,0
DOC-01287,0
DOC-01288,0
DOC-01289,0
DOC-01290,0
DOC-01291,1
DOC-01292,0
DOC-01293,0
DOC-01294,0
DOC-01295,0
DOC-01296,1
DOC-01297,0
DOC-01298,0
DOC-01299,0
DOC-01300,0
DOC-01301,0
DOC-01302,0
DOC-01303,0
DOC-01304,0
DOC-01305,0
DOC-01306,0
DOC-01307,1
DOC-01308,0
DOC-01309,0
DOC-01310,0
DOC-01311,1
DOC-01312,0
DOC-01313,0
DOC-01314,0
DOC-01315,0
DOC-01316,0
DOC-01317,0
DOC-01318,0
DOC-01319,0
DOC-01320,0
DOC-01321,0
DOC-01322,0
DOC-01323,1
DOC-01324,0
DOC-01325,1
DOC-01326,0
DOC-01327,0
DOC-01328,0
DOC-01329,0
DOC-01330,1
DOC-01331,1
DOC-01332,0
DOC-01333,0
DOC-01334,0
DOC-01335,0
DOC-01336,0
DOC-01337,0
DOC-01338,1
DOC-01339,0
DOC-01340,0
DOC-01341,0
DOC-01342,0
DOC-01343,0
DOC-01344,0
DOC-01345,0
DOC-01346,0
DOC-01347,0
DOC-01348,1
DOC-01349,0
DOC-01350,0
DOC-01351,0
DOC-01352,0
DOC-01353,0
DOC-01354,0
DOC-01355,0
DOC-01356,0
DOC-01357,0
DOC-01358,0
DOC-01359,0
DOC-01360,0
DOC-01361,0
DOC-01362,1
DOC-01363,0
DOC-01364,0
DOC-01365,0
DOC-01366,0
DOC-01367,0
DOC-01368,1
DOC-01369,0
DOC-01370,0
DOC-01371,1
DOC-01372,0
DOC-01373,0
DOC-01374,0
DOC-01375,1
DOC-01376,0
DOC-01377,0
DOC-01378,0
DOC-01379,1
DOC-01380,0
DOC-01381,0
DOC-01382,0
DOC-01383,0
DOC-01384,0
DOC-01385,0
DOC-01386,0
DOC-01387,0
DOC-01388,0
DOC-01389,0
DOC-01390,0
DOC-01391,0
DOC-01392,1
DOC-01393,1
DOC-01394,0
DOC-01395,0
DOC-01396,0
DOC-01397,0
DOC-01398,1
DOC-01399,0
DOC-01400,0
DOC-01401,0
DOC-01402,0
DOC-01403,0
DOC-01404,1
DOC-01405,0
DOC-01406,0
DOC-01407,0
DOC-01408,0
DOC-01409,0
DOC-01410,0
DOC-01411,0
DOC-01412,0
DOC-01413,0
DOC-01414,0
DOC-01415,0
DOC-01416,0
DOC-01417,0
DOC-01418,1
DOC-01419,0
DOC-01420,0
DOC-01421,0
DOC-01422,0
DOC-01423,0
DOC-01424,0
DOC-01425,0
DOC-01426,0
DOC-01427,0
DOC-01428,1
DOC-01429,1
DOC-01430,0
DOC-01431,1
DOC-01432,0
DOC-01433,0
DOC-01434,0
DOC-01435,0
DOC-01436,1
DOC-01437,0
DOC-01438,0
DOC-01439,0
DOC-01440,0
DOC-01441,0
DOC-01442,0
DOC-01443,0
DOC-01444,0
DOC-01445,0
DOC-01446,0
DOC-01447,1
DOC-01448,0
DOC-01449,0
DOC-01450,0
DOC-01451,0
DOC-01452,0
DOC-01453,0
DOC-01454,0
DOC-01455,0
DOC-01456,1
DOC-01457,0
DOC-01458,1
DOC-01459,0
DOC-01460,0
DOC-01461,0
DOC-01462,0
DOC-01463,0
DOC-01464,0
DOC-01465,0
DOC-01466,0
DOC-01467,0
DOC-01468,0
DOC-01469,0
DOC-01470,0
DOC-01471,0
DOC-01472,0
DOC-01473,0
DOC-01474,0
DOC-01475,1
DOC-01476,0
DOC-01477,0
DOC-01478,0
DOC-01479,0
DOC-01480,0
DOC-01481,0
DOC-01482,0
DOC-01483,1
DOC-01484,0
DOC-01485,0
DOC-01486,0
DOC-01487,0
DOC-01488,1
DOC-01489,0
DOC-01490,0
DOC-01491,0
DOC-01492,0
DOC-01493,1
DOC-01494,0
DOC-01495,0
DOC-01496,0
DOC-01497,0
DOC-01498,0
DOC-01499,0
DOC-01500,1
DOC-01501,1
DOC-01502,0
DOC-01503,0
DOC-01504,0
DOC-01505,0
DOC-01506,0
DOC-01507,0
DOC-01508,0
DOC-01509,0
DOC-01510,0
DOC-01511,0
DOC-01512,0
DOC-01513,0
DOC-01514,0
DOC-01515,0
DOC-01516,1
DOC-01517,0
DOC-01518,0
DOC-01519,0
DOC-01520,0
DOC-01521,1
DOC-01522,0
DOC-01523,0
DOC-01524,0
DOC-01525,0
DOC-01526,0
DOC-01527,0
DOC-01528,0
DOC-01529,0
DOC-01530,0
DOC-01531,0
DOC-01532,0
DOC-01533,0
DOC-01534,0
DOC-01535,0
DOC-01536,0
DOC-01537,0
DOC-01538,0
DOC-01539,0
DOC-01540,0
DOC-01541,0
DOC-01542,0
DOC-01543,0
DOC-01544,0
DOC-01545,0
DOC-01546,0
DOC-01547,1
DOC-01548,0
DOC-01549,1
DOC-01550,0
DOC-01551,0
DOC-01552,0
DOC-01553,0
DOC-01554,0
DOC-01555,0
DOC-01556,0
DOC-01557,0
DOC-01558,0
DOC-01559,0
DOC-01560,0
DOC-01561,0
DOC-01562,1
DOC-01563,0
DOC-01564,0
DOC-01565,0
DOC-01566,0
DOC-01567,0
DOC-01568,0
DOC-01569,1
DOC-01570,0
DOC-01571,0
DOC-01572,1
DOC-01573,0
DOC-01574,0
DOC-01575,0
DOC-01576,0
DOC-01577,0
DOC-01578,1
DOC-01579,1
DOC-01580,0
DOC-01581,0
DOC-01582,0
DOC-01583,0
DOC-01584,0
DOC-01585,0
DOC-01586,0
DOC-01587,0
DOC-01588,1
DOC-01589,0
DOC-01590,0
DOC-01591,0
DOC-01592,1
DOC-01593,0
DOC-01594,0
DOC-01595,1
DOC-01596,0
DOC-01597,0
DOC-01598,1
DOC-01599,0
DOC-01600,1
DOC-01601,0
DOC-01602,0
DOC-01603,1
DOC-01604,0
DOC-01605,0
DOC-01606,0
DOC-01607,0
DOC-01608,1
DOC-01609,0
DOC-01610,0
DOC-01611,0
DOC-01612,0
DOC-01613,0
DOC-01614,0
DOC-01615,0
DOC-01616,0
DOC-01617,0
DOC-01618,0
DOC-01619,0
DOC-01620,0
DOC-01621,0
DOC-01622,0
DOC-01623,0
DOC-01624,1
DOC-01625,0
DOC-01626,0
DOC-01627,0
DOC-01628,1
DOC-01629,0
DOC-01630,0
DOC-01631,0
DOC-01632,0
DOC-01633,0
DOC-01634,0
DOC-01635,1
DOC-01636,1
DOC-01637,0
DOC-01638,0
DOC-01639,0
DOC-01640,1
DOC-01641,0
DOC-01642,0
DOC-01643,0
DOC-01644,1
DOC-01645,1
DOC-01646,0
DOC-01647,0
DOC-01648,0
DOC-01649,1
DOC-01650,1
DOC-01651,0
DOC-01652,1
DOC-01653,0
DOC-01654,0
DOC-01655,0
DOC-01656,0
DOC-01657,0
DOC-01658,0
DOC-01659,0
DOC-01660,0
DOC-01661,0
DOC-01662,0
DOC-01663,0
DOC-01664,0
DOC-01665,1
DOC-01666,0
DOC-01667,0
DOC-01668,0
DOC-01669,0
DOC-01670,0
DOC-01671,0
DOC-01672,0
DOC-01673,0
DOC-01674,0
DOC-01675,0
DOC-01676,1
DOC-01677,1
DOC-01678,0
DOC-01679,0
DOC-01680,1
DOC-01681,1
DOC-01682,0
DOC-01683,0
DOC-01684,1
DOC-01685,0
DOC-01686,0
DOC-01687,0
DOC-01688,0
DOC-01689,0
DOC-01690,1
DOC-01691,0
DOC-01692,0
DOC-01693,0
DOC-01694,0
DOC-01695,1
DOC-01696,0
DOC-01697,0
DOC-01698,0
DOC-01699,0
DOC-01700,1
DOC-01701,0
DOC-01702,0
DOC-01703,0
DOC-01704,1
DOC-01705,0
DOC-01706,0
DOC-01707,0
DOC-01708,0
DOC-01709,0
DOC-01710,1
DOC-01711,0
DOC-01712,0
DOC-01713,0
DOC-01714,0
DOC-01715,0
DOC-01716,0
DOC-01717,0
DOC-01718,1
DOC-01719,0
DOC-01720,0
DOC-01721,0
DOC-01722,0
DOC-01723,0
DOC-01724,0
DOC-01725,0
DOC-01726,1
DOC-01727,0
DOC-01728,0
DOC-01729,0
DOC-01730,0
DOC-01731,0
DOC-01732,0
DOC-01733,1
DOC-01734,0
DOC-01735,0
DOC-01736,1
DOC-01737,0
DOC-01738,0
DOC-01739,0
DOC-01740,0
DOC-01741,1
DOC-01742,0
DOC-01743,0
DOC-01744,0
DOC-01745,0
DOC-01746,1
DOC-01747,0
DOC-01748,0
DOC-01749,0
DOC-01750,0
DOC-01751,0
DOC-01752,0
DOC-01753,0
DOC-01754,0
DOC-01755,0
DOC-01756,0
DOC-01757,0
DOC-01758,0
DOC-01759,1
DOC-01760,0
DOC-01761,1
DOC-01762,0
DOC-01763,0
DOC-01764,0
DOC-01765,1
DOC-01766,0
DOC-01767,0
DOC-01768,0
DOC-01769,0
DOC-01770,0
DOC-01771,0
DOC-01772,0
DOC-01773,0
DOC-01774,0
DOC-01775,1
DOC-01776,0
DOC-01777,0
DOC-01778,0
DOC-01779,0
DOC-01780,0
DOC-01781,0
DOC-01782,1
DOC-01783,0
DOC-01784,0
DOC-01785,0
DOC-01786,0
DOC-01787,1
DOC-01788,0
DOC-01789,0
DOC-01790,0
DOC-01791,0
DOC-01792,0
DOC-01793,0
DOC-01794,0
DOC-01795,1
DOC-01796,1
DOC-01797,0
DOC-01798,0
DOC-01799,1
DOC-01800,0
DOC-01801,1
DOC-01802,1
DOC-01803,0
DOC-01804,1
DOC-01805,0
DOC-01806,0
DOC-01807,1
DOC-01808,1
DOC-01809,0
DOC-01810,0
DOC-01811,0
DOC-01812,0
DOC-01813,0
DOC-01814,0
DOC-01815,0
DOC-01816,1
DOC-01817,1
DOC-01818,0
DOC-01819,0
DOC-01820,0
DOC-01821,0
DOC-01822,0
DOC-01823,0
DOC-01824,0
DOC-01825,0
DOC-01826,0
DOC-01827,1
DOC-01828,1
DOC-01829,0
DOC-01830,0
DOC-01831,0
DOC-01832,0
DOC-01833,0
DOC-01834,0
DOC-01835,0
DOC-01836,0
DOC-01837,1
DOC-01838,0
DOC-01839,0
DOC-01840,0
DOC-01841,0
DOC-01842,0
DOC-01843,0
DOC-01844,0
DOC-01845,0
DOC-01846,1
DOC-01847,0
DOC-01848,0
DOC-01849,0
DOC-01850,1
DOC-01851,0
DOC-01852,0
DOC-01853,0
DOC-01854,0
DOC-01855,0
DOC-01856,0
DOC-01857,0
DOC-01858,0
DOC-01859,0
DOC-01860,0
DOC-01861,0
DOC-01862,0
DOC-01863,0
DOC-01864,0
DOC-01865,0
DOC-01866,0
DOC-01867,0
DOC-01868,0
DOC-01869,0
DOC-01870,0
DOC-01871,0
DOC-01872,0
DOC-01873,0
DOC-01874,0
DOC-01875,0
DOC-01876,0
DOC-01877,0
DOC-01878,0
DOC-01879,0
DOC-01880,1
DOC-01881,0
DOC-01882,0
DOC-01883,0
DOC-01884,0
DOC-01885,0
DOC-01886,0
DOC-01887,0
DOC-01888,0
DOC-01889,0
DOC-01890,1
DOC-01891,0
DOC-01892,0
DOC-01893,0
DOC-01894,0
DOC-01895,1
DOC-01896,0
DOC-01897,0
DOC-01898,1
DOC-01899,0
DOC-01900,1
DOC-01901,1
DOC-01902,0
DOC-01903,0
DOC-01904,0
DOC-01905,0
DOC-01906,0
DOC-01907,1
DOC-01908,0
DOC-01909,0
DOC-01910,0
DOC-01911,0
DOC-01912,0
DOC-01913,0
DOC-01914,0
DOC-01915,0
DOC-01916,0
DOC-01917,0
DOC-01918,0
DOC-01919,0
DOC-01920,0
DOC-01921,0
DOC-01922,0
DOC-01923,0
DOC-01924,0
DOC-01925,0
DOC-01926,0
DOC-01927,0
DOC-01928,0
DOC-01929,0
DOC-01930,1
DOC-01931,0
DOC-01932,0
DOC-01933,0
DOC-01934,0
DOC-01935,0
DOC-01936,0
DOC-01937,0
DOC-01938,0
DOC-01939,0
DOC-01940,0
DOC-01941,0
DOC-01942,0
DOC-01943,0
DOC-01944,0
DOC-01945,0
DOC-01946,0
DOC-01947,0
DOC-01948,0
DOC-01949,0
DOC-01950,0
DOC-01951,0
DOC-01952,0
DOC-01953,0
DOC-01954,0
DOC-01955,0
DOC-01956,1
DOC-01957,0
DOC-01958,0
DOC-01959,0
DOC-01960,0
DOC-01961,0
DOC-01962,0
DOC-01963,0
DOC-01964,1
DOC-01965,1
DOC-01966,0
DOC-01967,0
DOC-01968,0
DOC-01969,0
DOC-01970,0
DOC-01971,0
DOC-01972,1
DOC-01973,0
DOC-01974,0
DOC-01975,0
DOC-01976,0
DOC-01977,1
DOC-01978,0
DOC-01979,1
DOC-01980,0
DOC-01981,0
DOC-01982,0
DOC-01983,1
DOC-01984,0
DOC-01985,0
DOC-01986,1
DOC-01987,1
DOC-01988,1
DOC-01989,0
DOC-01990,0
DOC-01991,0
DOC-01992,0
DOC-01993,0
DOC-01994,0
DOC-01995,0
DOC-01996,0
DOC-01997,0
DOC-01998,0
DOC-01999,0
DOC-02000,0
DOC-02001,0
DOC-02002,0
DOC-02003,0
DOC-02004,1
DOC-02005,0
DOC-02006,0
DOC-02007,0
DOC-02008,1
DOC-02009,0
DOC-02010,0
DOC-02011,0
DOC-02012,0
DOC-02013,0
DOC-02014,0
DOC-02015,0
DOC-02016,1
DOC-02017,0
DOC-02018,0
DOC-02019,0
DOC-02020,0
DOC-02021,0
DOC-02022,0
DOC-02023,0
DOC-02024,1
DOC-02025,0
DOC-02026,0
DOC-02027,1
DOC-02028,0
DOC-02029,0
DOC-02030,0
DOC-02031,1
DOC-02032,0
DOC-02033,0
DOC-02034,0
DOC-02035,0
DOC-02036,0
DOC-02037,0
DOC-02038,0
DOC-02039,0
DOC-02040,0
DOC-02041,1
DOC-02042,0
DOC-02043,0
DOC-02044,1
DOC-02045,1
DOC-02046,0
DOC-02047,0
DOC-02048,0
DOC-02049,1
DOC-02050,1
DOC-02051,0
DOC-02052,0
DOC-02053,1
DOC-02054,1
DOC-02055,0
DOC-02056,0
DOC-02057,0
DOC-02058,0
DOC-02059,0
DOC-02060,0
DOC-02061,0
DOC-02062,0
DOC-02063,0
DOC-02064,0
DOC-02065,0
DOC-02066,0
DOC-02067,0
DOC-02068,0
DOC-02069,0
DOC-02070,0
DOC-02071,1
DOC-02072,0
DOC-02073,0
DOC-02074,0
DOC-02075,0
DOC-02076,0
DOC-02077,0
DOC-02078,0
DOC-02079,0
DOC-02080,0
DOC-02081,0
DOC-02082,0
DOC-02083,0
DOC-02084,0
DOC-02085,0
DOC-02086,0
DOC-02087,0
DOC-02088,0
DOC-02089,0
DOC-02090,0
DOC-02091,0
DOC-02092,0
DOC-02093,0
DOC-02094,0
DOC-02095,0
DOC-02096,0
DOC-02097,0
DOC-02098,0
DOC-02099,0
DOC-02100,0
DOC-02101,1
DOC-02102,1
DOC-02103,0
DOC-02104,0
DOC-02105,0
DOC-02106,0
DOC-02107,0
DOC-02108,0
DOC-02109,0
DOC-02110,1
DOC-02111,0
DOC-02112,0
DOC-02113,1
DOC-02114,0
DOC-02115,0
DOC-02116,0
DOC-02117,1
DOC-02118,1
DOC-02119,0
DOC-02120,0
DOC-02121,0
DOC-02122,0
DOC-02123,0
DOC-02124,0
DOC-02125,1
DOC-02126,0
DOC-02127,1
DOC-02128,0
DOC-02129,0
DOC-02130,0
DOC-02131,0
DOC-02132,0
DOC-02133,0
DOC-02134,0
DOC-02135,0
DOC-02136,0
DOC-02137,0
DOC-02138,0
DOC-02139,0
DOC-02140,0
DOC-02141,0
DOC-02142,0
DOC-02143,1
DOC-02144,1
DOC-02145,0
DOC-02146,0
DOC-02147,0
DOC-02148,0
DOC-02149,0
DOC-02150,0
DOC-02151,1
DOC-02152,0
DOC-02153,0
DOC-02154,0
DOC-02155,0
DOC-02156,0
DOC-02157,1
DOC-02158,0
DOC-02159,0
DOC-02160,0
DOC-02161,0
DOC-02162,1
DOC-02163,0
DOC-02164,0
DOC-02165,0
DOC-02166,0
DOC-02167,0
DOC-02168,0
DOC-02169,0
DOC-02170,0
DOC-02171,0
DOC-02172,0
DOC-02173,0
DOC-02174,0
DOC-02175,0
DOC-02176,0
DOC-02177,0
DOC-02178,0
DOC-02179,0
DOC-02180,0
DOC-02181,0
DOC-02182,0
DOC-02183,0
DOC-02184,0
DOC-02185,1
DOC-02186,0
DOC-02187,0
DOC-02188,0
DOC-02189,1
DOC-02190,0
DOC-02191,0
DOC-02192,0
DOC-02193,0
DOC-02194,0
DOC-02195,0
DOC-02196,0
DOC-02197,0
DOC-02198,1
DOC-02199,0
DOC-02200,0
DOC-02201,1
DOC-02202,0
DOC-02203,0
DOC-02204,0
DOC-02205,0
DOC-02206,0
DOC-02207,1
DOC-02208,0
DOC-02209,0
DOC-02210,1
DOC-02211,1
DOC-02212,1
DOC-02213,1
DOC-02214,0
DOC-02215,0
DOC-02216,0
DOC-02217,1
DOC-02218,0
DOC-02219,0
DOC-02220,1
DOC-02221,0
DOC-02222,0
DOC-02223,0
DOC-02224,1
DOC-02225,0
DOC-02226,0
DOC-02227,0
DOC-02228,0
DOC-02229,1
DOC-02230,0
DOC-02231,0
DOC-02232,0
DOC-02233,0
DOC-02234,1
DOC-02235,0
DOC-02236,0
DOC-02237,0
DOC-02238,0
DOC-02239,0
DOC-02240,0
DOC-02241,0
DOC-02242,0
DOC-02243,0
DOC-02244,0
DOC-02245,0
DOC-02246,1
DOC-02247,0
DOC-02248,1
DOC-02249,0
DOC-02250,0
DOC-02251,0
DOC-02252,0
DOC-02253,0
DOC-02254,1
DOC-02255,0
DOC-02256,0
DOC-02257,0
DOC-02258,0
DOC-02259,1
DOC-02260,0
DOC-02261,0
DOC-02262,1
DOC-02263,0
DOC-02264,1
DOC-02265,0
DOC-02266,0
DOC-02267,0
DOC-02268,0
DOC-02269,1
DOC-02270,0
DOC-02271,0
DOC-02272,0
DOC-02273,0
DOC-02274,0
DOC-02275,0
DOC-02276,0
DOC-02277,0
DOC-02278,0
DOC-02279,0
DOC-02280,1
DOC-02281,1
DOC-02282,0
DOC-02283,1
DOC-02284,0
DOC-02285,0
DOC-02286,0
DOC-02287,0
DOC-02288,0
DOC-02289,0
DOC-02290,0
DOC-02291,0
DOC-02292,0
DOC-02293,0
DOC-02294,0
DOC-02295,0
DOC-02296,1
DOC-02297,0
DOC-02298,0
DOC-02299,1
DOC-02300,0
DOC-02301,0
DOC-02302,1
DOC-02303,0
DOC-02304,0
DOC-02305,0
DOC-02306,0
DOC-02307,1
DOC-02308,1
DOC-02309,0
DOC-02310,0
DOC-02311,0
DOC-02312,0
DOC-02313,0
DOC-02314,0
DOC-02315,0
DOC-02316,0
DOC-02317,0
DOC-02318,1
DOC-02319,1
DOC-02320,1
DOC-02321,0
DOC-02322,0
DOC-02323,0
DOC-02324,0
DOC-02325,0
DOC-02326,1
DOC-02327,0
DOC-02328,0
DOC-02329,1
DOC-02330,0
DOC-02331,0
DOC-02332,0
DOC-02333,0
DOC-02334,1
DOC-02335,0
DOC-02336,0
DOC-02337,0
DOC-02338,0
DOC-02339,0
DOC-02340,0
DOC-02341,0
DOC-02342,0
DOC-02343,0
DOC-02344,0
DOC-02345,0
DOC-02346,0
DOC-02347,0
DOC-02348,0
DOC-02349,0
DOC-02350,0
DOC-02351,0
DOC-02352,0
DOC-02353,0
DOC-02354,0
DOC-02355,0
DOC-02356,0
DOC-02357,0
DOC-02358,0
DOC-02359,0
DOC-02360,1
DOC-02361,0
DOC-02362,0
DOC-02363,0
DOC-02364,0
DOC-02365,0
DOC-02366,0
DOC-02367,0
DOC-02368,1
DOC-02369,0
DOC-02370,0
DOC-02371,0
DOC-02372,1
DOC-02373,0
DOC-02374,0
DOC-02375,0
DOC-02376,1
DOC-02377,0
DOC-02378,0
DOC-02379,0
DOC-02380,0
DOC-02381,1
DOC-02382,0
DOC-02383,1
DOC-02384,1
DOC-02385,1
DOC-02386,1
DOC-02387,0
DOC-02388,0
DOC-02389,0
DOC-02390,0
DOC-02391,0
DOC-02392,1
DOC-02393,0
DOC-02394,0
DOC-02395,1
DOC-02396,0
DOC-02397,0
DOC-02398,0
DOC-02399,0
DOC-02400,0
DOC-02401,0
DOC-02402,0
DOC-02403,0
DOC-02404,0
DOC-02405,0
DOC-02406,0
DOC-02407,0
DOC-02408,1
DOC-02409,0
DOC-02410,1
DOC-02411,0
DOC-02412,0
DOC-02413,0
DOC-02414,1
DOC-02415,0
DOC-02416,0
DOC-02417,0
DOC-02418,0
DOC-02419,0
DOC-02420,0
DOC-02421,0
DOC-02422,1
DOC-02423,0
DOC-02424,0
DOC-02425,1
DOC-02426,0
DOC-02427,0
DOC-02428,0
DOC-02429,0
DOC-02430,1
DOC-02431,0
DOC-02432,1
DOC-02433,1
DOC-02434,0
DOC-02435,0
DOC-02436,0
DOC-02437,0
DOC-02438,0
DOC-02439,0
DOC-02440,0
DOC-02441,0
DOC-02442,0
DOC-02443,0
DOC-02444,0
DOC-02445,0
DOC-02446,0
DOC-02447,0
DOC-02448,0
DOC-02449,0
DOC-02450,0
DOC-02451,0
DOC-02452,0
DOC-02453,0
DOC-02454,0
DOC-02455,0
DOC-02456,1
DOC-02457,1
DOC-02458,0
DOC-02459,1
DOC-02460,0
DOC-02461,0
DOC-02462,0
DOC-02463,0
DOC-02464,0
DOC-02465,0
DOC-02466,1
DOC-02467,0
DOC-02468,0
DOC-02469,1
DOC-02470,0
DOC-02471,0
DOC-02472,1
DOC-02473,1
DOC-02474,0
DOC-02475,1
DOC-02476,1
DOC-02477,0
DOC-02478,0
DOC-02479,0
DOC-02480,0
DOC-02481,0
DOC-02482,1
DOC-02483,1
DOC-02484,0
DOC-02485,0
DOC-02486,0
DOC-02487,0
DOC-02488,0
DOC-02489,0
DOC-02490,0
DOC-02491,1
DOC-02492,0
DOC-02493,0
DOC-02494,0
DOC-02495,0
DOC-02496,0
DOC-02497,0
DOC-02498,0
DOC-02499,1
DOC-02500,1
DOC-02501,0
DOC-02502,0
DOC-02503,1
DOC-02504,0
DOC-02505,1
DOC-02506,0
DOC-02507,0
DOC-02508,0
DOC-02509,0
DOC-02510,0
DOC-02511,0
DOC-02512,0
DOC-02513,1
DOC-02514,1
DOC-02515,0
DOC-02516,0
DOC-02517,1
DOC-02518,0
DOC-02519,0
DOC-02520,0
DOC-02521,0
DOC-02522,0
DOC-02523,0
DOC-02524,0
DOC-02525,0
DOC-02526,0
DOC-02527,0
DOC-02528,0
DOC-02529,0
DOC-02530,0
DOC-02531,0
DOC-02532,0
DOC-02533,0
DOC-02534,0
DOC-02535,0
DOC-02536,1
DOC-02537,1
DOC-02538,1
DOC-02539,0
DOC-02540,0
DOC-02541,0
DOC-02542,0
DOC-02543,0
DOC-02544,0
DOC-02545,1
DOC-02546,0
DOC-02547,0
DOC-02548,0
DOC-02549,1
DOC-02550,0
DOC-02551,0
DOC-02552,1
DOC-02553,1
DOC-02554,1
DOC-02555,0
DOC-02556,0
DOC-02557,0
DOC-02558,0
DOC-02559,0
DOC-02560,0
DOC-02561,0
DOC-02562,0
DOC-02563,0
DOC-02564,0
DOC-02565,1
DOC-02566,0
DOC-02567,0
DOC-02568,0
DOC-02569,0
DOC-02570,0
DOC-02571,0
DOC-02572,1
DOC-02573,0
DOC-02574,0
DOC-02575,0
DOC-02576,0
DOC-02577,0
DOC-02578,0
DOC-02579,1
DOC-02580,0
DOC-02581,0
DOC-02582,0
DOC-02583,1
DOC-02584,0
DOC-02585,0
DOC-02586,0
DOC-02587,0
DOC-02588,1
DOC-02589,0
DOC-02590,1
DOC-02591,0
DOC-02592,0
DOC-02593,0
DOC-02594,0
DOC-02595,0
DOC-02596,1
DOC-02597,0
DOC-02598,0
DOC-02599,1
DOC-02600,0
DOC-02601,0
DOC-02602,0
DOC-02603,0
DOC-02604,0
DOC-02605,0
DOC-02606,0
DOC-02607,0
DOC-02608,0
DOC-02609,0
DOC-02610,0
DOC-02611,1
DOC-02612,0
DOC-02613,0
DOC-02614,0
DOC-02615,0
DOC-02616,0
DOC-02617,0
DOC-02618,0
DOC-02619,1
DOC-02620,0
DOC-02621,0
DOC-02622,0
DOC-02623,0
DOC-02624,0
DOC-02625,0
DOC-02626,0
DOC-02627,0
DOC-02628,0
DOC-02629,0
DOC-02630,0
DOC-02631,0
DOC-02632,0
DOC-02633,0
DOC-02634,0
DOC-02635,0
DOC-02636,0
DOC-02637,0
DOC-02638,0
DOC-02639,0
DOC-02640,0
DOC-02641,0
DOC-02642,0
DOC-02643,1
DOC-02644,0
DOC-02645,0
DOC-02646,0
DOC-02647,0
DOC-02648,1
DOC-02649,1
DOC-02650,0
DOC-02651,0
DOC-02652,0
DOC-02653,0
DOC-02654,0
DOC-02655,0
DOC-02656,0
DOC-02657,0
DOC-02658,0
DOC-02659,0
DOC-02660,0
DOC-02661,0
DOC-02662,0
DOC-02663,0
DOC-02664,0
DOC-02665,0
DOC-02666,0
DOC-02667,0
DOC-02668,0
DOC-02669,0
DOC-02670,0
DOC-02671,0
DOC-02672,0
DOC-02673,0
DOC-02674,0
DOC-02675,0
DOC-02676,0
DOC-02677,0
DOC-02678,0
DOC-02679,1
DOC-02680,0
DOC-02681,0
DOC-02682,0
DOC-02683,0
DOC-02684,0
DOC-02685,0
DOC-02686,1
DOC-02687,0
DOC-02688,1
DOC-02689,0
DOC-02690,0
DOC-02691,0
DOC-02692,0
DOC-02693,0
DOC-02694,0
DOC-02695,0
DOC-02696,1
DOC-02697,0
DOC-02698,0
DOC-02699,0
DOC-02700,0
DOC-02701,0
DOC-02702,0
DOC-02703,1
DOC-02704,0
DOC-02705,0
DOC-02706,1
DOC-02707,1
DOC-02708,0
DOC-02709,0
DOC-02710,0
DOC-02711,1
DOC-02712,1
DOC-02713,0
DOC-02714,0
DOC-02715,0
DOC-02716,0
DOC-02717,0
DOC-02718,0
DOC-02719,0
DOC-02720,0
DOC-02721,1
DOC-02722,0
DOC-02723,0
DOC-02724,0
DOC-02725,1
DOC-02726,0
DOC-02727,0
DOC-02728,1
DOC-02729,0
DOC-02730,0
DOC-02731,0
DOC-02732,1
DOC-02733,0
DOC-02734,1
DOC-02735,0
DOC-02736,1
DOC-02737,0
DOC-02738,0
DOC-02739,0
DOC-02740,1
DOC-02741,0
DOC-02742,0
DOC-02743,0
DOC-02744,0
DOC-02745,0
DOC-02746,0
DOC-02747,0
DOC-02748,0
DOC-02749,0
DOC-02750,0
DOC-02751,0
DOC-02752,0
DOC-02753,0
DOC-02754,0
DOC-02755,0
DOC-02756,0
DOC-02757,0
DOC-02758,0
DOC-02759,0
DOC-02760,0
DOC-02761,0
DOC-02762,0
DOC-02763,0
DOC-02764,0
DOC-02765,0
DOC-02766,0
DOC-02767,0
DOC-02768,1
DOC-02769,0
DOC-02770,0
DOC-02771,1
DOC-02772,1
DOC-02773,1
DOC-02774,0
DOC-02775,0
DOC-02776,0
DOC-02777,0
DOC-02778,0
DOC-02779,0
DOC-02780,1
DOC-02781,1
DOC-02782,1
DOC-02783,0
DOC-02784,1
DOC-02785,0
DOC-02786,0
DOC-02787,0
DOC-02788,1
DOC-02789,0
DOC-02790,1
DOC-02791,0
DOC-02792,0
DOC-02793,0
DOC-02794,1
DOC-02795,0
DOC-02796,0
DOC-02797,0
DOC-02798,0
DOC-02799,0
DOC-02800,0
DOC-02801,0
DOC-02802,0
DOC-02803,1
DOC-02804,0
DOC-02805,0
DOC-02806,0
DOC-02807,0
DOC-02808,1
DOC-02809,0
DOC-02810,0
DOC-02811,0
DOC-02812,0
DOC-02813,0
DOC-02814,0
DOC-02815,0
DOC-02816,0
DOC-02817,0
DOC-02818,0
DOC-02819,0
DOC-02820,0
DOC-02821,0
DOC-02822,0
DOC-02823,0
DOC-02824,0
DOC-02825,0
DOC-02826,0
DOC-02827,0
DOC-02828,0
DOC-02829,0
DOC-02830,0
DOC-02831,0
DOC-02832,1
DOC-02833,0
DOC-02834,0
DOC-02835,0
DOC-02836,0
DOC-02837,0
DOC-02838,0
DOC-02839,0
DOC-02840,0
DOC-02841,0
DOC-02842,0
DOC-02843,0
DOC-02844,0
DOC-02845,0
DOC-02846,0
DOC-02847,0
DOC-02848,0
DOC-02849,0
DOC-02850,0
DOC-02851,0
DOC-02852,0
DOC-02853,0
DOC-02854,1
DOC-02855,0
DOC-02856,0
DOC-02857,0
DOC-02858,0
DOC-02859,0
DOC-02860,0
DOC-02861,0
DOC-02862,0
DOC-02863,0
DOC-02864,1
DOC-02865,0
DOC-02866,1
DOC-02867,1
DOC-02868,0
DOC-02869,0
DOC-02870,0
DOC-02871,0
DOC-02872,0
DOC-02873,0
DOC-02874,1
DOC-02875,0
DOC-02876,0
DOC-02877,0
DOC-02878,1
DOC-02879,0
DOC-02880,0
DOC-02881,0
DOC-02882,0
DOC-02883,1
DOC-02884,0
DOC-02885,0
DOC-02886,0
DOC-02887,0
DOC-02888,0
DOC-02889,0
DOC-02890,0
DOC-02891,1
DOC-02892,0
DOC-02893,0
DOC-02894,0
DOC-02895,0
DOC-02896,0
DOC-02897,1
DOC-02898,0
DOC-02899,0
DOC-02900,1
DOC-02901,0
DOC-02902,1
DOC-02903,0
DOC-02904,0
DOC-02905,0
DOC-02906,0
DOC-02907,0
DOC-02908,0
DOC-02909,1
DOC-02910,0
DOC-02911,0
DOC-02912,0
DOC-02913,0
DOC-02914,0
DOC-02915,0
DOC-02916,0
DOC-02917,1
DOC-02918,0
DOC-02919,1
DOC-02920,0
DOC-02921,0
DOC-02922,0
DOC-02923,0
DOC-02924,0
DOC-02925,1
DOC-02926,0
DOC-02927,0
DOC-02928,0
DOC-02929,1
DOC-02930,0
DOC-02931,0
DOC-02932,1
DOC-02933,1
DOC-02934,0
DOC-02935,0
DOC-02936,0
DOC-02937,0
DOC-02938,0
DOC-02939,0
DOC-02940,0
DOC-02941,0
DOC-02942,0
DOC-02943,0
DOC-02944,0
DOC-02945,0
DOC-02946,0
DOC-02947,0
DOC-02948,0
DOC-02949,0
DOC-02950,0
DOC-02951,1
DOC-02952,0
DOC-02953,0
DOC-02954,0
DOC-02955,1
DOC-02956,0
DOC-02957,0
DOC-02958,0
DOC-02959,1
DOC-02960,0
DOC-02961,0
DOC-02962,1
DOC-02963,1
DOC-02964,0
DOC-02965,0
DOC-02966,0
DOC-02967,0
DOC-02968,1
DOC-02969,0
DOC-02970,0
DOC-02971,0
DOC-02972,0
DOC-02973,0
DOC-02974,1
DOC-02975,0
DOC-02976,0
DOC-02977,0
DOC-02978,0
DOC-02979,0
DOC-02980,0
DOC-02981,0
DOC-02982,0
DOC-02983,0
DOC-02984,0
DOC-02985,0
DOC-02986,0
DOC-02987,0
DOC-02988,1
DOC-02989,0
DOC-02990,0
DOC-02991,0
DOC-02992,0
DOC-02993,0
DOC-02994,0
DOC-02995,0
DOC-02996,1
DOC-02997,0
DOC-02998,0
DOC-02999,0
DOC-03000,0
DOC-03001,0
DOC-03002,0
DOC-03003,0
DOC-03004,1
DOC-03005,0
DOC-03006,1
DOC-03007,0
DOC-03008,0
DOC-03009,0
DOC-03010,0
DOC-03011,0
DOC-03012,0
DOC-03013,0
DOC-03014,0
DOC-03015,0
DOC-03016,1
DOC-03017,0
DOC-03018,0
DOC-03019,0
DOC-03020,0
DOC-03021,0
DOC-03022,0
DOC-03023,0
DOC-03024,1
DOC-03025,0
DOC-03026,0
DOC-03027,0
DOC-03028,0
DOC-03029,0
DOC-03030,0
DOC-03031,1
DOC-03032,0
DOC-03033,0
DOC-03034,0
DOC-03035,0
DOC-03036,0
DOC-03037,0
DOC-03038,0
DOC-03039,0
DOC-03040,0
DOC-03041,1
DOC-03042,0
DOC-03043,0
DOC-03044,0
DOC-03045,0
DOC-03046,0
DOC-03047,0
DOC-03048,0
DOC-03049,0
DOC-03050,0
DOC-03051,0
DOC-03052,0
DOC-03053,0
DOC-03054,1
DOC-03055,0
DOC-03056,0
DOC-03057,1
DOC-03058,0
DOC-03059,0
DOC-03060,0
DOC-03061,1
DOC-03062,0
DOC-03063,1
DOC-03064,1
DOC-03065,0
DOC-03066,0
DOC-03067,0
DOC-03068,0
DOC-03069,0
DOC-03070,0
DOC-03071,1
DOC-03072,0
DOC-03073,1
DOC-03074,1
DOC-03075,0
DOC-03076,0
DOC-03077,0
DOC-03078,0
DOC-03079,0
DOC-03080,0
DOC-03081,0
DOC-03082,0
DOC-03083,0
DOC-03084,0
DOC-03085,0
DOC-03086,0
DOC-03087,1
DOC-03088,1
DOC-03089,0
DOC-03090,1
DOC-03091,0
DOC-03092,0
DOC-03093,0
DOC-03094,1
DOC-03095,0
DOC-03096,0
DOC-03097,1
DOC-03098,1
DOC-03099,0
DOC-03100,0
DOC-03101,0
DOC-03102,0
DOC-03103,0
DOC-03104,0
DOC-03105,0
DOC-03106,0
DOC-03107,0
DOC-03108,0
DOC-03109,1
DOC-03110,0
DOC-03111,0
DOC-03112,0
DOC-03113,0
DOC-03114,0
DOC-03115,0
DOC-03116,0
DOC-03117,0
DOC-03118,0
DOC-03119,0
DOC-03120,0
DOC-03121,0
DOC-03122,0
DOC-03123,1
DOC-03124,1
DOC-03125,0
DOC-03126,0
DOC-03127,0
DOC-03128,0
DOC-03129,0
DOC-03130,0
DOC-03131,0
DOC-03132,0
DOC-03133,0
DOC-03134,0
DOC-03135,0
DOC-03136,1
DOC-03137,0
DOC-03138,0
DOC-03139,0
DOC-03140,0
DOC-03141,0
DOC-03142,1
DOC-03143,0
DOC-03144,1
DOC-03145,0
DOC-03146,1
DOC-03147,1
DOC-03148,0
DOC-03149,1
DOC-03150,0
DOC-03151,1
DOC-03152,0
DOC-03153,1
DOC-03154,0
DOC-03155,1
DOC-03156,1
DOC-03157,0
DOC-03158,0
DOC-03159,1
DOC-03160,0
DOC-03161,1
DOC-03162,1
DOC-03163,1
DOC-03164,0
DOC-03165,0
DOC-03166,0
DOC-03167,0
DOC-03168,0
DOC-03169,0
DOC-03170,0
DOC-03171,0
DOC-03172,0
DOC-03173,0
DOC-03174,0
DOC-03175,0
DOC-03176,0
DOC-03177,0
DOC-03178,1
DOC-03179,1
DOC-03180,1
DOC-03181,0
DOC-03182,0
DOC-03183,0
DOC-03184,0
DOC-03185,0
DOC-03186,0
DOC-03187,0
DOC-03188,0
DOC-03189,1
DOC-03190,0
DOC-03191,0
DOC-03192,0
DOC-03193,0
DOC-03194,0
DOC-03195,0
DOC-03196,0
DOC-03197,0
DOC-03198,0
DOC-03199,0
DOC-03200,0
DOC-03201,0
DOC-03202,0
DOC-03203,1
DOC-03204,0
DOC-03205,0
DOC-03206,0
DOC-03207,0
DOC-03208,0
DOC-03209,0
DOC-03210,1
DOC-03211,0
DOC-03212,0
DOC-03213,0
DOC-03214,0
DOC-03215,0
DOC-03216,0
DOC-03217,0
DOC-03218,0
DOC-03219,0
DOC-03220,0
DOC-03221,0
DOC-03222,0
DOC-03223,0
DOC-03224,1
DOC-03225,0
DOC-03226,0
DOC-03227,0
DOC-03228,0
DOC-03229,0
DOC-03230,1
DOC-03231,0
DOC-03232,1
DOC-03233,0
DOC-03234,0
DOC-03235,0
DOC-03236,0
DOC-03237,0
DOC-03238,0
DOC-03239,0
DOC-03240,0
DOC-03241,0
DOC-03242,0
DOC-03243,1
DOC-03244,0
DOC-03245,0
DOC-03246,0
DOC-03247,1
DOC-03248,0
DOC-03249,1
DOC-03250,0
DOC-03251,0
DOC-03252,1
DOC-03253,0
DOC-03254,0
DOC-03255,0
DOC-03256,1
DOC-03257,0
DOC-03258,0
DOC-03259,0
DOC-03260,0
DOC-03261,0
DOC-03262,0
DOC-03263,0
DOC-03264,1
DOC-03265,0
DOC-03266,0
DOC-03267,1
DOC-03268,0
DOC-03269,0
DOC-03270,1
DOC-03271,0
DOC-03272,0
DOC-03273,0
DOC-03274,1
DOC-03275,0
DOC-03276,0
DOC-03277,0
DOC-03278,0
DOC-03279,0
DOC-03280,0
DOC-03281,0
DOC-03282,0
DOC-03283,0
DOC-03284,0
DOC-03285,1
DOC-03286,0
DOC-03287,0
DOC-03288,0
DOC-03289,0
DOC-03290,0
DOC-03291,0
DOC-03292,0
DOC-03293,1
DOC-03294,0
DOC-03295,0
DOC-03296,0
DOC-03297,0
DOC-03298,0
DOC-03299,1
DOC-03300,0
DOC-03301,1
DOC-03302,0
DOC-03303,0
DOC-03304,0
DOC-03305,1
DOC-03306,1
DOC-03307,1
DOC-03308,0
DOC-03309,0
DOC-03310,0
DOC-03311,0
DOC-03312,0
DOC-03313,0
DOC-03314,1
DOC-03315,0
DOC-03316,0
DOC-03317,1
DOC-03318,0
DOC-03319,0
DOC-03320,0
DOC-03321,0
DOC-03322,0
DOC-03323,0
DOC-03324,1
DOC-03325,0
DOC-03326,1
DOC-03327,0
DOC-03328,0
DOC-03329,1
DOC-03330,0
DOC-03331,1
DOC-03332,0
DOC-03333,0
DOC-03334,0
DOC-03335,0
DOC-03336,0
DOC-03337,0
DOC-03338,0
DOC-03339,0
DOC-03340,0
DOC-03341,0
DOC-03342,0
DOC-03343,0
DOC-03344,0
DOC-03345,0
DOC-03346,0
DOC-03347,0
DOC-03348,0
DOC-03349,0
DOC-03350,0
DOC-03351,0
DOC-03352,0
DOC-03353,0
DOC-03354,0
DOC-03355,0
DOC-03356,0
DOC-03357,1
DOC-03358,1
DOC-03359,0
DOC-03360,0
DOC-03361,1
DOC-03362,0
DOC-03363,1
DOC-03364,1
DOC-03365,0
DOC-03366,0
DOC-03367,0
DOC-03368,0
DOC-03369,0
DOC-03370,0
DOC-03371,0
DOC-03372,0
DOC-03373,0
DOC-03374,0
DOC-03375,0
DOC-03376,0
DOC-03377,1
DOC-03378,1
DOC-03379,0
DOC-03380,0
DOC-03381,0
DOC-03382,0
DOC-03383,1
DOC-03384,0
DOC-03385,0
DOC-03386,0
DOC-03387,0
DOC-03388,0
DOC-03389,1
DOC-03390,0
DOC-03391,0
DOC-03392,0
DOC-03393,0
DOC-03394,0
DOC-03395,0
DOC-03396,0
DOC-03397,1
DOC-03398,1
DOC-03399,0
DOC-03400,0
DOC-03401,1
DOC-03402,0
DOC-03403,1
DOC-03404,1
DOC-03405,0
DOC-03406,0
DOC-03407,0
DOC-03408,1
DOC-03409,1
DOC-03410,1
DOC-03411,0
DOC-03412,0
DOC-03413,0
DOC-03414,0
DOC-03415,1
DOC-03416,0
DOC-03417,0
DOC-03418,0
DOC-03419,0
DOC-03420,0
DOC-03421,0
DOC-03422,0
DOC-03423,0
DOC-03424,1
DOC-03425,0
DOC-03426,0
DOC-03427,1
DOC-03428,0
DOC-03429,0
DOC-03430,0
DOC-03431,0
DOC-03432,0
DOC-03433,0
DOC-03434,0
DOC-03435,0
DOC-03436,0
DOC-03437,0
DOC-03438,1
DOC-03439,0
DOC-03440,1
DOC-03441,0
DOC-03442,0
DOC-03443,0
DOC-03444,0
DOC-03445,0
DOC-03446,0
DOC-03447,0
DOC-03448,0
DOC-03449,1
DOC-03450,0
DOC-03451,0
DOC-03452,0
DOC-03453,0
DOC-03454,0
DOC-03455,0
DOC-03456,0
DOC-03457,0
DOC-03458,0
DOC-03459,0
DOC-03460,0
DOC-03461,0
DOC-03462,0
DOC-03463,0
DOC-03464,0
DOC-03465,0
DOC-03466,1
DOC-03467,0
DOC-03468,0
DOC-03469,0
DOC-03470,0
DOC-03471,0
DOC-03472,0
DOC-03473,0
DOC-03474,0
DOC-03475,1
DOC-03476,1
DOC-03477,0
DOC-03478,1
DOC-03479,0
DOC-03480,0
DOC-03481,0
DOC-03482,0
DOC-03483,0
DOC-03484,0
DOC-03485,0
DOC-03486,1
DOC-03487,1
DOC-03488,0
DOC-03489,0
DOC-03490,1
DOC-03491,0
DOC-03492,0
DOC-03493,0
DOC-03494,0
DOC-03495,0
DOC-03496,0
DOC-03497,0
DOC-03498,0
DOC-03499,1
DOC-03500,0
DOC-03501,0
DOC-03502,1
DOC-03503,0
DOC-03504,0
DOC-03505,0
DOC-03506,0
DOC-03507,0
DOC-03508,0
DOC-03509,0
DOC-03510,0
DOC-03511,0
DOC-03512,0
DOC-03513,0
DOC-03514,0
DOC-03515,0
DOC-03516,0
DOC-03517,0
DOC-03518,0
DOC-03519,0
DOC-03520,0
DOC-03521,0
DOC-03522,0
DOC-03523,1
DOC-03524,0
DOC-03525,0
DOC-03526,0
DOC-03527,0
DOC-03528,0
DOC-03529,1
DOC-03530,0
DOC-03531,0
DOC-03532,0
DOC-03533,0
DOC-03534,1
DOC-03535,1
DOC-03536,0
DOC-03537,0
DOC-03538,0
DOC-03539,1
DOC-03540,0
DOC-03541,0
DOC-03542,0
DOC-03543,0
DOC-03544,0
DOC-03545,0
DOC-03546,0
DOC-03547,1
DOC-03548,0
DOC-03549,1
DOC-03550,0
DOC-03551,0
DOC-03552,0
DOC-03553,0
DOC-03554,0
DOC-03555,0
DOC-03556,0
DOC-03557,0
DOC-03558,0
DOC-03559,1
DOC-03560,0
DOC-03561,0
DOC-03562,0
DOC-03563,0
DOC-03564,0
DOC-03565,0
DOC-03566,1
DOC-03567,0
DOC-03568,1
DOC-03569,1
DOC-03570,1
DOC-03571,0
DOC-03572,0
DOC-03573,0
DOC-03574,0
DOC-03575,0
DOC-03576,0
DOC-03577,1
DOC-03578,0
DOC-03579,0
DOC-03580,0
DOC-03581,1
DOC-03582,0
DOC-03583,0
DOC-03584,0
DOC-03585,0
DOC-03586,0
DOC-03587,0
DOC-03588,0
DOC-03589,0
DOC-03590,0
DOC-03591,0
DOC-03592,0
DOC-03593,0
DOC-03594,0
DOC-03595,0
DOC-03596,0
DOC-03597,0
DOC-03598,0
DOC-03599,0
DOC-03600,0
DOC-03601,1
DOC-03602,0
DOC-03603,1
DOC-03604,0
DOC-03605,0
DOC-03606,0
DOC-03607,0
DOC-03608,0
DOC-03609,0
DOC-03610,1
DOC-03611,0
DOC-03612,1
DOC-03613,1
DOC-03614,0
DOC-03615,0
DOC-03616,0
DOC-03617,0
DOC-03618,0
DOC-03619,0
DOC-03620,0
DOC-03621,1
DOC-03622,0
DOC-03623,0
DOC-03624,1
DOC-03625,0
DOC-03626,0
DOC-03627,0
DOC-03628,1
DOC-03629,0
DOC-03630,0
DOC-03631,0
DOC-03632,1
DOC-03633,0
DOC-03634,0
DOC-03635,0
DOC-03636,0
DOC-03637,0
DOC-03638,0
DOC-03639,0
DOC-03640,1
DOC-03641,0
DOC-03642,0
DOC-03643,0
DOC-03644,0
DOC-03645,1
DOC-03646,0
DOC-03647,0
DOC-03648,0
DOC-03649,1
DOC-03650,0
DOC-03651,0
DOC-03652,0
DOC-03653,0
DOC-03654,0
DOC-03655,0
DOC-03656,0
DOC-03657,1
DOC-03658,0
DOC-03659,0
DOC-03660,0
DOC-03661,0
DOC-03662,0
DOC-03663,0
DOC-03664,0
DOC-03665,0
DOC-03666,0
DOC-03667,0
DOC-03668,0
DOC-03669,0
DOC-03670,0
DOC-03671,1
DOC-03672,0
DOC-03673,0
DOC-03674,0
DOC-03675,0
DOC-03676,0
DOC-03677,0
DOC-03678,0
DOC-03679,0
DOC-03680,0
DOC-03681,0
DOC-03682,1
DOC-03683,0
DOC-03684,1
DOC-03685,0
DOC-03686,0
DOC-03687,0
DOC-03688,0
DOC-03689,0
DOC-03690,0
DOC-03691,0
DOC-03692,0
DOC-03693,0
DOC-03694,0
DOC-03695,0
DOC-03696,1
DOC-03697,0
DOC-03698,1
DOC-03699,0
DOC-03700,0
DOC-03701,0
DOC-03702,0
DOC-03703,0
DOC-03704,0
DOC-03705,1
DOC-03706,0
DOC-03707,1
DOC-03708,0
DOC-03709,0
DOC-03710,0
DOC-03711,0
DOC-03712,0
DOC-03713,0
DOC-03714,0
DOC-03715,0
DOC-03716,1
DOC-03717,0
DOC-03718,0
DOC-03719,1
DOC-03720,0
DOC-03721,1
DOC-03722,0
DOC-03723,0
DOC-03724,0
DOC-03725,0
DOC-03726,0
DOC-03727,0
DOC-03728,0
DOC-03729,0
DOC-03730,0
DOC-03731,0
DOC-03732,0
DOC-03733,0
DOC-03734,0
DOC-03735,0
DOC-03736,0
DOC-03737,0
DOC-03738,1
DOC-03739,1
DOC-03740,0
DOC-03741,1
DOC-03742,1
DOC-03743,0
DOC-03744,0
DOC-03745,0
DOC-03746,0
DOC-03747,0
DOC-03748,1
DOC-03749,0
DOC-03750,0
DOC-03751,0
DOC-03752,0
DOC-03753,1
DOC-03754,1
DOC-03755,0
DOC-03756,1
DOC-03757,0
DOC-03758,0
DOC-03759,1
DOC-03760,1
DOC-03761,0
DOC-03762,1
DOC-03763,0
DOC-03764,0
DOC-03765,0
DOC-03766,0
DOC-03767,0
DOC-03768,0
DOC-03769,0
DOC-03770,1
DOC-03771,0
DOC-03772,0
DOC-03773,0
DOC-03774,0
DOC-03775,1
DOC-03776,0
DOC-03777,1
DOC-03778,0
DOC-03779,0
DOC-03780,1
DOC-03781,0
DOC-03782,1
DOC-03783,0
DOC-03784,0
DOC-03785,0
DOC-03786,0
DOC-03787,0
DOC-03788,0
DOC-03789,1
DOC-03790,1
DOC-03791,0
DOC-03792,0
DOC-03793,0
DOC-03794,0
DOC-03795,1
DOC-03796,0
DOC-03797,0
DOC-03798,0
DOC-03799,0
DOC-03800,0
DOC-03801,0
DOC-03802,0
DOC-03803,0
DOC-03804,0
DOC-03805,0
DOC-03806,0
DOC-03807,0
DOC-03808,1
DOC-03809,0
DOC-03810,0
DOC-03811,0
DOC-03812,0
DOC-03813,0
DOC-03814,0
DOC-03815,0
DOC-03816,0
DOC-03817,0
DOC-03818,0
DOC-03819,0
DOC-03820,0
DOC-03821,0
DOC-03822,0
DOC-03823,0
DOC-03824,0
DOC-03825,0
DOC-03826,0
DOC-03827,0
DOC-03828,1
DOC-03829,1
DOC-03830,0
DOC-03831,0
DOC-03832,0
DOC-03833,1
DOC-03834,1
DOC-03835,0
DOC-03836,0
DOC-03837,0
DOC-03838,0
DOC-03839,0
DOC-03840,0
DOC-03841,0
DOC-03842,1
DOC-03843,0
DOC-03844,0
DOC-03845,0
DOC-03846,1
DOC-03847,0
DOC-03848,0
DOC-03849,0
DOC-03850,0
DOC-03851,0
DOC-03852,0
DOC-03853,0
DOC-03854,0
DOC-03855,0
DOC-03856,0
DOC-03857,1
DOC-03858,0
DOC-03859,0
DOC-03860,0
DOC-03861,0
DOC-03862,0
DOC-03863,1
DOC-03864,0
DOC-03865,0
DOC-03866,0
DOC-03867,1
DOC-03868,0
DOC-03869,0
DOC-03870,0
DOC-03871,1
DOC-03872,0
DOC-03873,0
DOC-03874,0
DOC-03875,0
DOC-03876,0
DOC-03877,1
DOC-03878,0
DOC-03879,0
DOC-03880,0
DOC-03881,0
DOC-03882,0
DOC-03883,0
DOC-03884,0
DOC-03885,1
DOC-03886,1
DOC-03887,1
DOC-03888,1
DOC-03889,1
DOC-03890,0
DOC-03891,0
DOC-03892,1
DOC-03893,0
DOC-03894,0
DOC-03895,0
DOC-03896,0
DOC-03897,0
DOC-03898,1
DOC-03899,0
DOC-03900,0
DOC-03901,0
DOC-03902,0
DOC-03903,0
DOC-03904,0
DOC-03905,1
DOC-03906,0
DOC-03907,0
DOC-03908,0
DOC-03909,1
DOC-03910,0
DOC-03911,0
DOC-03912,0
DOC-03913,0
DOC-03914,0
DOC-03915,0
DOC-03916,1
DOC-03917,0
DOC-03918,0
DOC-03919,0
DOC-03920,0
DOC-03921,0
DOC-03922,0
DOC-03923,0
DOC-03924,1
DOC-03925,1
DOC-03926,0
DOC-03927,0
DOC-03928,0
DOC-03929,0
DOC-03930,0
DOC-03931,0
DOC-03932,0
DOC-03933,0
DOC-03934,0
DOC-03935,0
DOC-03936,0
DOC-03937,0
DOC-03938,0
DOC-03939,0
DOC-03940,0
DOC-03941,0
DOC-03942,0
DOC-03943,0
DOC-03944,0
DOC-03945,0
DOC-03946,0
DOC-03947,0
DOC-03948,0
DOC-03949,0
DOC-03950,0
DOC-03951,0
DOC-03952,0
DOC-03953,0
DOC-03954,0
DOC-03955,0
DOC-03956,0
DOC-03957,0
DOC-03958,1
DOC-03959,0
DOC-03960,0
DOC-03961,0
DOC-03962,0
DOC-03963,0
DOC-03964,0
DOC-03965,1
DOC-03966,1
DOC-03967,1
DOC-03968,0
DOC-03969,0
DOC-03970,0
DOC-03971,0
DOC-03972,0
DOC-03973,1
DOC-03974,0
DOC-03975,0
DOC-03976,1
DOC-03977,0
DOC-03978,0
DOC-03979,0
DOC-03980,0
DOC-03981,1
DOC-03982,0
DOC-03983,0
DOC-03984,0
DOC-03985,1
DOC-03986,0
DOC-03987,0
DOC-03988,0
DOC-03989,0
DOC-03990,0
DOC-03991,0
DOC-03992,0
DOC-03993,0
DOC-03994,0
DOC-03995,0
DOC-03996,1
DOC-03997,1
DOC-03998,0
DOC-03999,0
DOC-04000,0
DOC-04001,0
DOC-04002,1
DOC-04003,1
DOC-04004,0
DOC-04005,0
DOC-04006,0
DOC-04007,1
DOC-04008,0
DOC-04009,0
DOC-04010,0
DOC-04011,0
DOC-04012,0
DOC-04013,1
DOC-04014,0
DOC-04015,0
DOC-04016,0
DOC-04017,0
DOC-04018,1
DOC-04019,1
DOC-04020,0
DOC-04021,0
DOC-04022,0
DOC-04023,1
DOC-04024,0
DOC-04025,1
DOC-04026,0
DOC-04027,0
DOC-04028,1
DOC-04029,0
DOC-04030,0
DOC-04031,1
DOC-04032,0
DOC-04033,0
DOC-04034,0
DOC-04035,0
DOC-04036,0
DOC-04037,0
DOC-04038,1
DOC-04039,0
DOC-04040,0
DOC-04041,0
DOC-04042,0
DOC-04043,1
DOC-04044,1
DOC-04045,0
DOC-04046,0
DOC-04047,0
DOC-04048,0
DOC-04049,0
DOC-04050,0
DOC-04051,1
DOC-04052,0
DOC-04053,0
DOC-04054,0
DOC-04055,0
DOC-04056,0
DOC-04057,1
DOC-04058,0
DOC-04059,1
DOC-04060,0
DOC-04061,0
DOC-04062,0
DOC-04063,0
DOC-04064,0
DOC-04065,0
DOC-04066,0
DOC-04067,0
DOC-04068,0
DOC-04069,1
DOC-04070,1
DOC-04071,0
DOC-04072,0
DOC-04073,0
DOC-04074,0
DOC-04075,0
DOC-04076,0
DOC-04077,0
DOC-04078,0
DOC-04079,0
DOC-04080,0
DOC-04081,0
DOC-04082,0
DOC-04083,0
DOC-04084,0
DOC-04085,0
DOC-04086,0
DOC-04087,0
DOC-04088,0
DOC-04089,0
DOC-04090,0
DOC-04091,1
DOC-04092,0
DOC-04093,0
DOC-04094,0
DOC-04095,0
DOC-04096,1
DOC-04097,0
DOC-04098,0
DOC-04099,0
DOC-04100,0
DOC-04101,0
DOC-04102,0
DOC-04103,1
DOC-04104,0
DOC-04105,0
DOC-04106,0
DOC-04107,0
DOC-04108,1
DOC-04109,0
DOC-04110,0
DOC-04111,0
DOC-04112,1
DOC-04113,0
DOC-04114,0
DOC-04115,1
DOC-04116,0
DOC-04117,0
DOC-04118,0
DOC-04119,0
DOC-04120,0
DOC-04121,0
DOC-04122,0
DOC-04123,0
DOC-04124,0
DOC-04125,0
DOC-04126,0
DOC-04127,0
DOC-04128,0
DOC-04129,0
DOC-04130,0
DOC-04131,0
DOC-04132,1
DOC-04133,0
DOC-04134,0
DOC-04135,1
DOC-04136,0
DOC-04137,0
DOC-04138,0
DOC-04139,0
DOC-04140,0
DOC-04141,0
DOC-04142,0
DOC-04143,0
DOC-04144,0
DOC-04145,0
DOC-04146,1
DOC-04147,1
DOC-04148,1
DOC-04149,0
DOC-04150,0
DOC-04151,0
DOC-04152,0
DOC-04153,0
DOC-04154,0
DOC-04155,0
DOC-04156,0
DOC-04157,0
DOC-04158,0
DOC-04159,1
DOC-04160,0
DOC-04161,0
DOC-04162,0
DOC-04163,1
DOC-04164,0
DOC-04165,0
DOC-04166,0
DOC-04167,0
DOC-04168,0
DOC-04169,0
DOC-04170,0
DOC-04171,0
DOC-04172,0
DOC-04173,0
DOC-04174,1
DOC-04175,0
DOC-04176,0
DOC-04177,1
DOC-04178,0
DOC-04179,1
DOC-04180,0
DOC-04181,0
DOC-04182,0
DOC-04183,0
DOC-04184,0
DOC-04185,0
DOC-04186,0
DOC-04187,0
DOC-04188,0
DOC-04189,1
DOC-04190,1
DOC-04191,1
DOC-04192,0
DOC-04193,0
DOC-04194,0
DOC-04195,0
DOC-04196,1
DOC-04197,1
DOC-04198,1
DOC-04199,0
DOC-04200,0
DOC-04201,1
DOC-04202,0
DOC-04203,0
DOC-04204,0
DOC-04205,0
DOC-04206,1
DOC-04207,0
DOC-04208,0
DOC-04209,1
DOC-04210,1
DOC-04211,0
DOC-04212,1
DOC-04213,0
DOC-04214,0
DOC-04215,0
DOC-04216,0
DOC-04217,0
DOC-04218,0
DOC-04219,0
DOC-04220,0
DOC-04221,0
DOC-04222,1
DOC-04223,0
DOC-04224,0
DOC-04225,0
DOC-04226,0
DOC-04227,0
DOC-04228,1
DOC-04229,0
DOC-04230,0
DOC-04231,0
DOC-04232,0
DOC-04233,1
DOC-04234,0
DOC-04235,0
DOC-04236,0
DOC-04237,1
DOC-04238,0
DOC-04239,0
DOC-04240,0
DOC-04241,0
DOC-04242,0
DOC-04243,0
DOC-04244,0
DOC-04245,0
DOC-04246,0
DOC-04247,0
DOC-04248,0
DOC-04249,0
DOC-04250,0
DOC-04251,0
DOC-04252,0
DOC-04253,0
DOC-04254,0
DOC-04255,1
DOC-04256,0
DOC-04257,0
DOC-04258,0
DOC-04259,0
DOC-04260,1
DOC-04261,0
DOC-04262,0
DOC-04263,0
DOC-04264,0
DOC-04265,0
DOC-04266,0
DOC-04267,1
DOC-04268,0
DOC-04269,0
DOC-04270,0
DOC-04271,0
DOC-04272,0
DOC-04273,0
DOC-04274,1
DOC-04275,0
DOC-04276,0
DOC-04277,0
DOC-04278,0
DOC-04279,0
DOC-04280,1
DOC-04281,0
DOC-04282,1
DOC-04283,0
DOC-04284,0
DOC-04285,0
DOC-04286,0
DOC-04287,0
DOC-04288,0
DOC-04289,0
DOC-04290,0
DOC-04291,0
DOC-04292,0
DOC-04293,0
DOC-04294,1
DOC-04295,0
DOC-04296,1
DOC-04297,0
DOC-04298,0
DOC-04299,0
DOC-04300,0
DOC-04301,0
DOC-04302,0
DOC-04303,0
DOC-04304,0
DOC-04305,0
DOC-04306,0
DOC-04307,0
DOC-04308,0
DOC-04309,0
DOC-04310,0
DOC-04311,0
DOC-04312,0
DOC-04313,0
DOC-04314,0
DOC-04315,0
DOC-04316,1
DOC-04317,0
DOC-04318,1
DOC-04319,0
DOC-04320,0
DOC-04321,1
DOC-04322,0
DOC-04323,1
DOC-04324,0
DOC-04325,0
DOC-04326,0
DOC-04327,0
DOC-04328,0
DOC-04329,0
DOC-04330,0
DOC-04331,0
DOC-04332,1
DOC-04333,0
DOC-04334,0
DOC-04335,1
DOC-04336,0
DOC-04337,0
DOC-04338,0
DOC-04339,0
DOC-04340,0
DOC-04341,0
DOC-04342,0
DOC-04343,0
DOC-04344,0
DOC-04345,0
DOC-04346,0
DOC-04347,0
DOC-04348,1
DOC-04349,0
DOC-04350,0
DOC-04351,0
DOC-04352,0
DOC-04353,0
DOC-04354,0
DOC-04355,1
DOC-04356,0
DOC-04357,1
DOC-04358,0
DOC-04359,0
DOC-04360,0
DOC-04361,1
DOC-04362,0
DOC-04363,1
DOC-04364,0
DOC-04365,0
DOC-04366,1
DOC-04367,1
DOC-04368,0
DOC-04369,0
DOC-04370,0
DOC-04371,1
DOC-04372,0
DOC-04373,0
DOC-04374,0
DOC-04375,0
DOC-04376,0
DOC-04377,0
DOC-04378,0
DOC-04379,0
DOC-04380,0
DOC-04381,0
DOC-04382,0
DOC-04383,0
DOC-04384,0
DOC-04385,0
DOC-04386,0
DOC-04387,0
DOC-04388,0
DOC-04389,0
DOC-04390,0
DOC-04391,0
DOC-04392,0
DOC-04393,1
DOC-04394,0
DOC-04395,0
DOC-04396,0
DOC-04397,0
DOC-04398,0
DOC-04399,0
DOC-04400,1
DOC-04401,0
DOC-04402,0
DOC-04403,1
DOC-04404,0
DOC-04405,0
DOC-04406,0
DOC-04407,0
DOC-04408,0
DOC-04409,0
DOC-04410,1
DOC-04411,1
DOC-04412,1
DOC-04413,0
DOC-04414,0
DOC-04415,0
DOC-04416,0
DOC-04417,0
DOC-04418,1
DOC-04419,0
DOC-04420,0
DOC-04421,0
DOC-04422,0
DOC-04423,0
DOC-04424,0
DOC-04425,0
DOC-04426,0
DOC-04427,0
DOC-04428,0
DOC-04429,0
DOC-04430,1
DOC-04431,1
DOC-04432,0
DOC-04433,0
DOC-04434,0
DOC-04435,1
DOC-04436,0
DOC-04437,0
DOC-04438,0
DOC-04439,0
DOC-04440,0
DOC-04441,0
DOC-04442,0
DOC-04443,0
DOC-04444,1
DOC-04445,0
DOC-04446,0
DOC-04447,1
DOC-04448,0
DOC-04449,1
DOC-04450,0
DOC-04451,0
DOC-04452,0
DOC-04453,0
DOC-04454,0
DOC-04455,0
DOC-04456,0
DOC-04457,0
DOC-04458,0
DOC-04459,0
DOC-04460,0
DOC-04461,0
DOC-04462,1
DOC-04463,0
DOC-04464,1
DOC-04465,0
DOC-04466,0
DOC-04467,0
DOC-04468,0
DOC-04469,1
DOC-04470,0
DOC-04471,0
DOC-04472,0
DOC-04473,0
DOC-04474,0
DOC-04475,1
DOC-04476,0
DOC-04477,0
DOC-04478,1
DOC-04479,0
DOC-04480,0
DOC-04481,0
DOC-04482,0
DOC-04483,0
DOC-04484,0
DOC-04485,0
DOC-04486,0
DOC-04487,0
DOC-04488,0
DOC-04489,0
DOC-04490,1
DOC-04491,0
DOC-04492,1
DOC-04493,0
DOC-04494,0
DOC-04495,0
DOC-04496,0
DOC-04497,0
DOC-04498,0
DOC-04499,1
DOC-04500,0
DOC-04501,0
DOC-04502,0
DOC-04503,0
DOC-04504,0
DOC-04505,0
DOC-04506,0
DOC-04507,1
DOC-04508,0
DOC-04509,1
DOC-04510,1
DOC-04511,0
DOC-04512,0
DOC-04513,0
DOC-04514,0
DOC-04515,0
DOC-04516,0
DOC-04517,0
DOC-04518,0
DOC-04519,0
DOC-04520,0
DOC-04521,0
DOC-04522,1
DOC-04523,0
DOC-04524,1
DOC-04525,1
DOC-04526,0
DOC-04527,0
DOC-04528,0
DOC-04529,0
DOC-04530,1
DOC-04531,0
DOC-04532,0
DOC-04533,0
DOC-04534,0
DOC-04535,0
DOC-04536,0
DOC-04537,0
DOC-04538,0
DOC-04539,0
DOC-04540,0
DOC-04541,0
DOC-04542,0
DOC-04543,0
DOC-04544,0
DOC-04545,0
DOC-04546,1
DOC-04547,0
DOC-04548,1
DOC-04549,0
DOC-04550,0
DOC-04551,1
DOC-04552,1
DOC-04553,0
DOC-04554,0
DOC-04555,0
DOC-04556,0
DOC-04557,0
DOC-04558,0
DOC-04559,0
DOC-04560,0
DOC-04561,0
DOC-04562,0
DOC-04563,0
DOC-04564,0
DOC-04565,0
DOC-04566,0
DOC-04567,1
DOC-04568,0
DOC-04569,0
DOC-04570,1
DOC-04571,0
DOC-04572,0
DOC-04573,1
DOC-04574,0
DOC-04575,0
DOC-04576,0
DOC-04577,1
DOC-04578,0
DOC-04579,0
DOC-04580,0
DOC-04581,1
DOC-04582,0
DOC-04583,1
DOC-04584,0
DOC-04585,1
DOC-04586,0
DOC-04587,0
DOC-04588,1
DOC-04589,0
DOC-04590,0
DOC-04591,0
DOC-04592,0
DOC-04593,0
DOC-04594,1
DOC-04595,1
DOC-04596,0
DOC-04597,1
DOC-04598,0
DOC-04599,0
DOC-04600,0
DOC-04601,0
DOC-04602,0
DOC-04603,0
DOC-04604,0
DOC-04605,0
DOC-04606,0
DOC-04607,0
DOC-04608,0
DOC-04609,0
DOC-04610,0
DOC-04611,0
DOC-04612,0
DOC-04613,0
DOC-04614,0
DOC-04615,1
DOC-04616,0
DOC-04617,0
DOC-04618,0
DOC-04619,0
DOC-04620,0
DOC-04621,0
DOC-04622,0
DOC-04623,0
DOC-04624,0
DOC-04625,0
DOC-04626,0
DOC-04627,0
DOC-04628,0
DOC-04629,0
DOC-04630,0
DOC-04631,0
DOC-04632,0
DOC-04633,0
DOC-04634,1
DOC-04635,0
DOC-04636,0
DOC-04637,0
DOC-04638,1
DOC-04639,0
DOC-04640,0
DOC-04641,1
DOC-04642,0
DOC-04643,0
DOC-04644,0
DOC-04645,1
DOC-04646,0
DOC-04647,1
DOC-04648,0
DOC-04649,0
DOC-04650,0
DOC-04651,0
DOC-04652,0
DOC-04653,1
DOC-04654,0
DOC-04655,0
DOC-04656,0
DOC-04657,0
DOC-04658,1
DOC-04659,0
DOC-04660,0
DOC-04661,0
DOC-04662,0
DOC-04663,0
DOC-04664,0
DOC-04665,0
DOC-04666,0
DOC-04667,0
DOC-04668,0
DOC-04669,0
DOC-04670,0
DOC-04671,0
DOC-04672,0
DOC-04673,0
DOC-04674,0
DOC-04675,0
DOC-04676,0
DOC-04677,0
DOC-04678,1
DOC-04679,0
DOC-04680,0
DOC-04681,0
DOC-04682,0
DOC-04683,0
DOC-04684,0
DOC-04685,0
DOC-04686,0
DOC-04687,0
DOC-04688,0
DOC-04689,0
DOC-04690,0
DOC-04691,0
DOC-04692,0
DOC-04693,0
DOC-04694,0
DOC-04695,1
DOC-04696,0
DOC-04697,1
DOC-04698,0
DOC-04699,0
DOC-04700,0
DOC-04701,0
DOC-04702,0
DOC-04703,0
DOC-04704,1
DOC-04705,0
DOC-04706,0
DOC-04707,0
DOC-04708,0
DOC-04709,0
DOC-04710,0
DOC-04711,0
DOC-04712,1
DOC-04713,0
DOC-04714,0
DOC-04715,0
DOC-04716,0
DOC-04717,1
DOC-04718,0
DOC-04719,0
DOC-04720,1
DOC-04721,1
DOC-04722,0
DOC-04723,0
DOC-04724,0
DOC-04725,0
DOC-04726,0
DOC-04727,0
DOC-04728,0
DOC-04729,1
DOC-04730,0
DOC-04731,1
DOC-04732,0
DOC-04733,0
DOC-04734,0
DOC-04735,0
DOC-04736,0
DOC-04737,0
DOC-04738,0
DOC-04739,1
DOC-04740,0
DOC-04741,0
DOC-04742,0
DOC-04743,0
DOC-04744,0
DOC-04745,1
DOC-04746,1
DOC-04747,0
DOC-04748,0
DOC-04749,0
DOC-04750,0
DOC-04751,1
DOC-04752,0
DOC-04753,0
DOC-04754,0
DOC-04755,0
DOC-04756,0
DOC-04757,0
DOC-04758,1
DOC-04759,1
DOC-04760,0
DOC-04761,0
DOC-04762,0
DOC-04763,0
DOC-04764,0
DOC-04765,0
DOC-04766,0
DOC-04767,0
DOC-04768,0
DOC-04769,0
DOC-04770,0
DOC-04771,0
DOC-04772,0
DOC-04773,0
DOC-04774,0
DOC-04775,0
DOC-04776,0
DOC-04777,1
DOC-04778,0
DOC-04779,0
DOC-04780,0
DOC-04781,0
DOC-04782,0
DOC-04783,0
DOC-04784,0
DOC-04785,0
DOC-04786,1
DOC-04787,1
DOC-04788,0
DOC-04789,0
DOC-04790,0
DOC-04791,0
DOC-04792,0
DOC-04793,1
DOC-04794,1
DOC-04795,0
DOC-04796,0
DOC-04797,0
DOC-04798,0
DOC-04799,0
DOC-04800,0
DOC-04801,0
DOC-04802,1
DOC-04803,0
DOC-04804,0
DOC-04805,0
DOC-04806,0
DOC-04807,1
DOC-04808,0
DOC-04809,0
DOC-04810,0
DOC-04811,0
DOC-04812,0
DOC-04813,0
DOC-04814,0
DOC-04815,0
DOC-04816,0
DOC-04817,0
DOC-04818,0
DOC-04819,0
DOC-04820,0
DOC-04821,1
DOC-04822,0
DOC-04823,0
DOC-04824,1
DOC-04825,0
DOC-04826,0
DOC-04827,0
DOC-04828,0
DOC-04829,0
DOC-04830,1
DOC-04831,0
DOC-04832,0
DOC-04833,0
DOC-04834,0
DOC-04835,0
DOC-04836,0
DOC-04837,0
DOC-04838,0
DOC-04839,0
DOC-04840,1
DOC-04841,0
DOC-04842,0
DOC-04843,0
DOC-04844,0
DOC-04845,0
DOC-04846,0
DOC-04847,0
DOC-04848,1
DOC-04849,0
DOC-04850,0
DOC-04851,0
DOC-04852,1
DOC-04853,0
DOC-04854,0
DOC-04855,0
DOC-04856,0
DOC-04857,0
DOC-04858,0
DOC-04859,0
DOC-04860,0
DOC-04861,0
DOC-04862,0
DOC-04863,0
DOC-04864,0
DOC-04865,0
DOC-04866,0
DOC-04867,0
DOC-04868,0
DOC-04869,0
DOC-04870,1
DOC-04871,0
DOC-04872,0
DOC-04873,0
DOC-04874,0
DOC-04875,0
DOC-04876,1
DOC-04877,0
DOC-04878,0
DOC-04879,0
DOC-04880,0
DOC-04881,0
DOC-04882,0
DOC-04883,0
DOC-04884,0
DOC-04885,0
DOC-04886,0
DOC-04887,1
DOC-04888,0
DOC-04889,0
DOC-04890,0
DOC-04891,0
DOC-04892,0
DOC-04893,0
DOC-04894,0
DOC-04895,0
DOC-04896,0
DOC-04897,0
DOC-04898,1
DOC-04899,0
DOC-04900,0
DOC-04901,0
DOC-04902,0
DOC-04903,0
DOC-04904,0
DOC-04905,0
DOC-04906,0
DOC-04907,0
DOC-04908,0
DOC-04909,0
DOC-04910,0
DOC-04911,0
DOC-04912,0
DOC-04913,0
DOC-04914,1
DOC-04915,0
DOC-04916,0
DOC-04917,0
DOC-04918,1
DOC-04919,0
DOC-04920,1
DOC-04921,1
DOC-04922,1
DOC-04923,0
DOC-04924,0
DOC-04925,0
DOC-04926,0
DOC-04927,1
DOC-04928,0
DOC-04929,0
DOC-04930,1
DOC-04931,0
DOC-04932,0
DOC-04933,1
DOC-04934,0
DOC-04935,0
DOC-04936,0
DOC-04937,0
DOC-04938,0
DOC-04939,1
DOC-04940,0
DOC-04941,0
DOC-04942,1
DOC-04943,0
DOC-04944,1
DOC-04945,0
DOC-04946,0
DOC-04947,0
DOC-04948,0
DOC-04949,0
DOC-04950,0
DOC-04951,0
DOC-04952,0
DOC-04953,0
DOC-04954,0
DOC-04955,0
DOC-04956,0
DOC-04957,0
DOC-04958,0
DOC-04959,0
DOC-04960,0
DOC-04961,1
DOC-04962,0
DOC-04963,0
DOC-04964,0
DOC-04965,0
DOC-04966,1
DOC-04967,0
DOC-04968,0
DOC-04969,1
DOC-04970,1
DOC-04971,0
DOC-04972,0
DOC-04973,1
DOC-04974,1
DOC-04975,1
DOC-04976,0
DOC-04977,1
DOC-04978,1
DOC-04979,0
DOC-04980,0
DOC-04981,0
DOC-04982,0
DOC-04983,0
DOC-04984,0
DOC-04985,0
DOC-04986,0
DOC-04987,0
DOC-04988,1
DOC-04989,0
DOC-04990,0
DOC-04991,0
DOC-04992,0
DOC-04993,0
DOC-04994,0
DOC-04995,0
DOC-04996,0
DOC-04997,0
DOC-04998,0
DOC-04999,1
DOC-05000,0
DOC-05001,0
DOC-05002,0
DOC-05003,1
DOC-05004,0
DOC-05005,0
DOC-05006,0
DOC-05007,0
DOC-05008,0
DOC-05009,0
DOC-05010,0
DOC-05011,1
DOC-05012,0
DOC-05013,0
DOC-05014,0
DOC-05015,0
DOC-05016,0
DOC-05017,0
DOC-05018,0
DOC-05019,1
DOC-05020,0
DOC-05021,0
DOC-05022,0
DOC-05023,0
DOC-05024,1
DOC-05025,0
DOC-05026,0
DOC-05027,0
DOC-05028,0
DOC-05029,0
DOC-05030,0
DOC-05031,1
DOC-05032,0
DOC-05033,0
DOC-05034,0
DOC-05035,0
DOC-05036,0
DOC-05037,0
DOC-05038,0
DOC-05039,0
DOC-05040,0
DOC-05041,1
DOC-05042,0
DOC-05043,0
DOC-05044,0
DOC-05045,1
DOC-05046,0
DOC-05047,0
DOC-05048,1
DOC-05049,0
DOC-05050,1
DOC-05051,0
DOC-05052,0
DOC-05053,0
DOC-05054,0
DOC-05055,0
DOC-05056,0
DOC-05057,0
DOC-05058,0
DOC-05059,0
DOC-05060,0
DOC-05061,0
DOC-05062,0
DOC-05063,0
DOC-05064,1
DOC-05065,0
DOC-05066,0
DOC-05067,1
DOC-05068,1
DOC-05069,0
DOC-05070,0
DOC-05071,1
DOC-05072,1
DOC-05073,0
DOC-05074,1
DOC-05075,0
DOC-05076,0
DOC-05077,0
DOC-05078,0
DOC-05079,0
DOC-05080,0
DOC-05081,1
DOC-05082,0
DOC-05083,0
DOC-05084,0
DOC-05085,0
DOC-05086,0
DOC-05087,0
DOC-05088,0
DOC-05089,0
DOC-05090,0
DOC-05091,0
DOC-05092,0
DOC-05093,1
DOC-05094,0
DOC-05095,0
DOC-05096,1
DOC-05097,0
DOC-05098,0
DOC-05099,0
DOC-05100,0
DOC-05101,0
DOC-05102,0
DOC-05103,0
DOC-05104,0
DOC-05105,1
DOC-05106,0
DOC-05107,0
DOC-05108,0
DOC-05109,0
DOC-05110,1
DOC-05111,0
DOC-05112,0
DOC-05113,0
DOC-05114,0
DOC-05115,1
DOC-05116,0
DOC-05117,0
DOC-05118,0
DOC-05119,1
DOC-05120,0
DOC-05121,0
DOC-05122,0
DOC-05123,1
DOC-05124,0
DOC-05125,0
DOC-05126,0
DOC-05127,0
DOC-05128,0
DOC-05129,0
DOC-05130,1
DOC-05131,1
DOC-05132,0
DOC-05133,0
DOC-05134,0
DOC-05135,1
DOC-05136,1
DOC-05137,1
DOC-05138,1
DOC-05139,0
DOC-05140,1
DOC-05141,0
DOC-05142,0
DOC-05143,0
DOC-05144,1
DOC-05145,0
DOC-05146,1
DOC-05147,0
DOC-05148,0
DOC-05149,0
DOC-05150,0
DOC-05151,1
DOC-05152,0
DOC-05153,1
DOC-05154,1
DOC-05155,1
DOC-05156,0
DOC-05157,0
DOC-05158,0
DOC-05159,0
DOC-05160,0
DOC-05161,0
DOC-05162,0
DOC-05163,0
DOC-05164,0
DOC-05165,0
DOC-05166,0
DOC-05167,0
DOC-05168,0
DOC-05169,1
DOC-05170,1
DOC-05171,0
DOC-05172,1
DOC-05173,0
DOC-05174,0
DOC-05175,0
DOC-05176,0
DOC-05177,0
DOC-05178,0
DOC-05179,0
DOC-05180,0
DOC-05181,0
DOC-05182,0
DOC-05183,0
DOC-05184,0
DOC-05185,0
DOC-05186,0
DOC-05187,0
DOC-05188,0
DOC-05189,0
DOC-05190,0
DOC-05191,1
DOC-05192,0
DOC-05193,0
DOC-05194,0
DOC-05195,0
DOC-05196,0
DOC-05197,0
DOC-05198,0
DOC-05199,0
DOC-05200,0
DOC-05201,0
DOC-05202,0
DOC-05203,1
DOC-05204,0
DOC-05205,0
DOC-05206,1
DOC-05207,0
DOC-05208,0
DOC-05209,0
DOC-05210,1
DOC-05211,0
DOC-05212,1
DOC-05213,0
DOC-05214,0
DOC-05215,0
DOC-05216,1
DOC-05217,0
DOC-05218,0
DOC-05219,0
DOC-05220,1
DOC-05221,0
DOC-05222,0
DOC-05223,0
DOC-05224,0
DOC-05225,1
DOC-05226,1
DOC-05227,0
DOC-05228,1
DOC-05229,1
DOC-05230,0
DOC-05231,1
DOC-05232,1
DOC-05233,0
DOC-05234,1
DOC-05235,0
DOC-05236,0
DOC-05237,0
DOC-05238,0
DOC-05239,0
DOC-05240,0
DOC-05241,1
DOC-05242,0
DOC-05243,0
DOC-05244,0
DOC-05245,0
DOC-05246,0
DOC-05247,0
DOC-05248,0
DOC-05249,0
DOC-05250,0
DOC-05251,0
DOC-05252,0
DOC-05253,0
DOC-05254,0
DOC-05255,0
DOC-05256,0
DOC-05257,0
DOC-05258,0
DOC-05259,0
DOC-05260,0
DOC-05261,0
DOC-05262,0
DOC-05263,0
DOC-05264,0
DOC-05265,0
DOC-05266,0
DOC-05267,0
DOC-05268,0
DOC-05269,0
DOC-05270,0
DOC-05271,0
DOC-05272,0
DOC-05273,0
DOC-05274,0
DOC-05275,0
DOC-05276,0
DOC-05277,0
DOC-05278,0
DOC-05279,0
DOC-05280,0
DOC-05281,0
DOC-05282,0
DOC-05283,0
DOC-05284,0
DOC-05285,0
DOC-05286,1
DOC-05287,0
DOC-05288,0
DOC-05289,0
DOC-05290,0
DOC-05291,0
DOC-05292,0
DOC-05293,0
DOC-05294,1
DOC-05295,0
DOC-05296,0
DOC-05297,1
DOC-05298,0
DOC-05299,0
DOC-05300,1
DOC-05301,0
DOC-05302,0
DOC-05303,1
DOC-05304,0
DOC-05305,0
DOC-05306,1
DOC-05307,0
DOC-05308,1
DOC-05309,0
DOC-05310,0
DOC-05311,0
DOC-05312,0
DOC-05313,1
DOC-05314,0
DOC-05315,0
DOC-05316,0
DOC-05317,0
DOC-05318,0
DOC-05319,0
DOC-05320,1
DOC-05321,0
DOC-05322,0
DOC-05323,0
DOC-05324,0
DOC-05325,0
DOC-05326,0
DOC-05327,0
DOC-05328,0
DOC-05329,0
DOC-05330,1
DOC-05331,0
DOC-05332,0
DOC-05333,0
DOC-05334,0
DOC-05335,0
DOC-05336,0
DOC-05337,0
DOC-05338,0
DOC-05339,0
DOC-05340,0
DOC-05341,0
DOC-05342,1
DOC-05343,0
DOC-05344,1
DOC-05345,0
DOC-05346,0
DOC-05347,1
DOC-05348,0
DOC-05349,0
DOC-05350,0
DOC-05351,1
DOC-05352,1
DOC-05353,0
DOC-05354,0
DOC-05355,0
DOC-05356,0
DOC-05357,0
DOC-05358,0
DOC-05359,0
DOC-05360,1
DOC-05361,1
DOC-05362,1
DOC-05363,0
DOC-05364,0
DOC-05365,0
DOC-05366,1
DOC-05367,1
DOC-05368,1
DOC-05369,0
DOC-05370,0
DOC-05371,0
DOC-05372,0
DOC-05373,0
DOC-05374,1
DOC-05375,0
DOC-05376,0
DOC-05377,0
DOC-05378,0
DOC-05379,0
DOC-05380,0
DOC-05381,0
DOC-05382,0
DOC-05383,0
DOC-05384,0
DOC-05385,0
DOC-05386,1
DOC-05387,1
DOC-05388,0
DOC-05389,0
DOC-05390,0
DOC-05391,1
DOC-05392,0
DOC-05393,0
DOC-05394,0
DOC-05395,0
DOC-05396,0
DOC-05397,0
DOC-05398,0
DOC-05399,0
DOC-05400,0
DOC-05401,0
DOC-05402,0
DOC-05403,0
DOC-05404,0
DOC-05405,0
DOC-05406,1
DOC-05407,0
DOC-05408,0
DOC-05409,0
DOC-05410,0
DOC-05411,0
DOC-05412,0
DOC-05413,0
DOC-05414,0
DOC-05415,0
DOC-05416,0
DOC-05417,1
DOC-05418,0
DOC-05419,0
DOC-05420,1
DOC-05421,0
DOC-05422,1
DOC-05423,0
DOC-05424,0
DOC-05425,0
DOC-05426,0
DOC-05427,1
DOC-05428,0
DOC-05429,0
DOC-05430,0
DOC-05431,0
DOC-05432,1
DOC-05433,1
DOC-05434,0
DOC-05435,1
DOC-05436,0
DOC-05437,0
DOC-05438,0
DOC-05439,0
DOC-05440,0
DOC-05441,1
DOC-05442,0
DOC-05443,0
DOC-05444,0
DOC-05445,0
DOC-05446,1
DOC-05447,0
DOC-05448,0
DOC-05449,0
DOC-05450,1
DOC-05451,0
DOC-05452,1
DOC-05453,0
DOC-05454,0
DOC-05455,1
DOC-05456,0
DOC-05457,0
DOC-05458,0
DOC-05459,0
DOC-05460,0
DOC-05461,0
DOC-05462,0
DOC-05463,1
DOC-05464,0
DOC-05465,1
DOC-05466,0
DOC-05467,0
DOC-05468,0
DOC-05469,0
DOC-05470,0
DOC-05471,0
DOC-05472,0
DOC-05473,0
DOC-05474,0
DOC-05475,0
DOC-05476,0
DOC-05477,0
DOC-05478,0
DOC-05479,0
DOC-05480,0
DOC-05481,0
DOC-05482,0
DOC-05483,0
DOC-05484,1
DOC-05485,0
DOC-05486,0
DOC-05487,0
DOC-05488,0
DOC-05489,0
DOC-05490,1
DOC-05491,0
DOC-05492,0
DOC-05493,1
DOC-05494,0
DOC-05495,0
DOC-05496,1
DOC-05497,0
DOC-05498,0
DOC-05499,1
DOC-05500,0
DOC-05501,0
DOC-05502,0
DOC-05503,0
DOC-05504,0
DOC-05505,0
DOC-05506,1
DOC-05507,0
DOC-05508,0
DOC-05509,0
DOC-05510,0
DOC-05511,1
DOC-05512,1
DOC-05513,0
DOC-05514,0
DOC-05515,0
DOC-05516,1
DOC-05517,0
DOC-05518,1
DOC-05519,0
DOC-05520,0
DOC-05521,1
DOC-05522,0
DOC-05523,0
DOC-05524,0
DOC-05525,1
DOC-05526,0
DOC-05527,0
DOC-05528,0
DOC-05529,1
DOC-05530,0
DOC-05531,1
DOC-05532,1
DOC-05533,0
DOC-05534,0
DOC-05535,0
DOC-05536,0
DOC-05537,0
DOC-05538,0
DOC-05539,0
DOC-05540,0
DOC-05541,1
DOC-05542,0
DOC-05543,0
DOC-05544,0
DOC-05545,1
DOC-05546,0
DOC-05547,0
DOC-05548,0
DOC-05549,0
DOC-05550,0
DOC-05551,0
DOC-05552,0
DOC-05553,0
DOC-05554,0
DOC-05555,0
DOC-05556,0
DOC-05557,0
DOC-05558,0
DOC-05559,1
DOC-05560,0
DOC-05561,0
DOC-05562,0
DOC-05563,0
DOC-05564,1
DOC-05565,1
DOC-05566,0
DOC-05567,0
DOC-05568,0
DOC-05569,1
DOC-05570,0
DOC-05571,0
DOC-05572,0
DOC-05573,0
DOC-05574,0
DOC-05575,0
DOC-05576,0
DOC-05577,1
DOC-05578,1
DOC-05579,0
DOC-05580,1
DOC-05581,0
DOC-05582,1
DOC-05583,0
DOC-05584,0
DOC-05585,0
DOC-05586,0
DOC-05587,0
DOC-05588,0
DOC-05589,0
DOC-05590,0
DOC-05591,0
DOC-05592,0
DOC-05593,0
DOC-05594,1
DOC-05595,0
DOC-05596,0
DOC-05597,1
DOC-05598,0
DOC-05599,0
DOC-05600,0
DOC-05601,0
DOC-05602,0
DOC-05603,0
DOC-05604,1
DOC-05605,0
DOC-05606,0
DOC-05607,0
DOC-05608,0
DOC-05609,0
DOC-05610,0
DOC-05611,0
DOC-05612,0
DOC-05613,1
DOC-05614,0
DOC-05615,0
DOC-05616,0
DOC-05617,1
DOC-05618,0
DOC-05619,0
DOC-05620,0
DOC-05621,0
DOC-05622,1
DOC-05623,1
DOC-05624,0
DOC-05625,0
DOC-05626,0
DOC-05627,0
DOC-05628,0
DOC-05629,0
DOC-05630,0
DOC-05631,0
DOC-05632,0
DOC-05633,0
DOC-05634,0
DOC-05635,0
DOC-05636,0
DOC-05637,1
DOC-05638,0
DOC-05639,1
DOC-05640,0
DOC-05641,0
DOC-05642,1
DOC-05643,0
DOC-05644,0
DOC-05645,1
DOC-05646,1
DOC-05647,0
DOC-05648,0
DOC-05649,0
DOC-05650,0
DOC-05651,0
DOC-05652,0
DOC-05653,0
DOC-05654,0
DOC-05655,0
DOC-05656,1
DOC-05657,0
DOC-05658,1
DOC-05659,0
DOC-05660,0
DOC-05661,1
DOC-05662,0
DOC-05663,0
DOC-05664,0
DOC-05665,0
DOC-05666,0
DOC-05667,0
DOC-05668,1
DOC-05669,0
DOC-05670,0
DOC-05671,0
DOC-05672,0
DOC-05673,1
DOC-05674,0
DOC-05675,0
DOC-05676,0
DOC-05677,0
DOC-05678,1
DOC-05679,0
DOC-05680,0
DOC-05681,0
DOC-05682,0
DOC-05683,0
DOC-05684,0
DOC-05685,0
DOC-05686,0
DOC-05687,0
DOC-05688,0
DOC-05689,1
DOC-05690,0
DOC-05691,1
DOC-05692,0
DOC-05693,0
DOC-05694,0
DOC-05695,0
DOC-05696,0
DOC-05697,0
DOC-05698,0
DOC-05699,0
DOC-05700,1
DOC-05701,0
DOC-05702,0
DOC-05703,1
DOC-05704,0
DOC-05705,0
DOC-05706,0
DOC-05707,0
DOC-05708,0
DOC-05709,1
DOC-05710,1
DOC-05711,0
DOC-05712,0
DOC-05713,1
DOC-05714,0
DOC-05715,0
DOC-05716,0
DOC-05717,0
DOC-05718,0
DOC-05719,0
DOC-05720,0
DOC-05721,0
DOC-05722,0
DOC-05723,0
DOC-05724,0
DOC-05725,0
DOC-05726,0
DOC-05727,0
DOC-05728,0
DOC-05729,0
DOC-05730,0
DOC-05731,0
DOC-05732,0
DOC-05733,0
DOC-05734,0
DOC-05735,0
DOC-05736,0
DOC-05737,0
DOC-05738,0
DOC-05739,0
DOC-05740,0
DOC-05741,0
DOC-05742,0
DOC-05743,0
DOC-05744,0
DOC-05745,1
DOC-05746,0
DOC-05747,0
DOC-05748,0
DOC-05749,0
DOC-05750,0
DOC-05751,1
DOC-05752,0
DOC-05753,1
DOC-05754,0
DOC-05755,0
DOC-05756,0
DOC-05757,0
DOC-05758,0
DOC-05759,0
DOC-05760,0
DOC-05761,0
DOC-05762,0
DOC-05763,0
DOC-05764,0
DOC-05765,0
DOC-05766,0
DOC-05767,1
DOC-05768,1
DOC-05769,0
DOC-05770,0
DOC-05771,0
DOC-05772,0
DOC-05773,0
DOC-05774,1
DOC-05775,0
DOC-05776,0
DOC-05777,0
DOC-05778,0
DOC-05779,1
DOC-05780,0
DOC-05781,0
DOC-05782,0
DOC-05783,1
DOC-05784,0
DOC-05785,0
DOC-05786,0
DOC-05787,0
DOC-05788,0
DOC-05789,0
DOC-05790,0
DOC-05791,0
DOC-05792,0
DOC-05793,1
DOC-05794,0
DOC-05795,0
DOC-05796,0
DOC-05797,0
DOC-05798,0
DOC-05799,0
DOC-05800,0
DOC-05801,0
DOC-05802,1
DOC-05803,0
DOC-05804,0
DOC-05805,0
DOC-05806,0
DOC-05807,0
DOC-05808,0
DOC-05809,0
DOC-05810,0
DOC-05811,1
DOC-05812,0
DOC-05813,0
DOC-05814,1
DOC-05815,0
DOC-05816,1
DOC-05817,0
DOC-05818,0
DOC-05819,0
DOC-05820,0
DOC-05821,0
DOC-05822,0
DOC-05823,0
DOC-05824,0
DOC-05825,0
DOC-05826,0
DOC-05827,0
DOC-05828,0
DOC-05829,0
DOC-05830,0
DOC-05831,1
DOC-05832,0
DOC-05833,0
DOC-05834,1
DOC-05835,1
DOC-05836,1
DOC-05837,0
DOC-05838,0
DOC-05839,0
DOC-05840,0
DOC-05841,0
DOC-05842,0
DOC-05843,0
DOC-05844,0
DOC-05845,0
DOC-05846,0
DOC-05847,0
DOC-05848,0
DOC-05849,0
DOC-05850,0
DOC-05851,0
DOC-05852,0
DOC-05853,0
DOC-05854,0
DOC-05855,1
DOC-05856,0
DOC-05857,1
DOC-05858,0
DOC-05859,1
DOC-05860,1
DOC-05861,0
DOC-05862,1
DOC-05863,0
DOC-05864,0
DOC-05865,0
DOC-05866,0
DOC-05867,0
DOC-05868,1
DOC-05869,0
DOC-05870,0
DOC-05871,1
DOC-05872,0
DOC-05873,1
DOC-05874,0
DOC-05875,0
DOC-05876,1
DOC-05877,0
DOC-05878,1
DOC-05879,1
DOC-05880,0
DOC-05881,0
DOC-05882,0
DOC-05883,1
DOC-05884,0
DOC-05885,0
DOC-05886,1
DOC-05887,1
DOC-05888,1
DOC-05889,0
DOC-05890,1
DOC-05891,0
DOC-05892,0
DOC-05893,0
DOC-05894,0
DOC-05895,0
DOC-05896,1
DOC-05897,0
DOC-05898,1
DOC-05899,0
DOC-05900,1
DOC-05901,0
DOC-05902,0
DOC-05903,0
DOC-05904,0
DOC-05905,0
DOC-05906,0
DOC-05907,0
DOC-05908,0
DOC-05909,0
DOC-05910,0
DOC-05911,0
DOC-05912,0
DOC-05913,0
DOC-05914,0
DOC-05915,0
DOC-05916,0
DOC-05917,0
DOC-05918,0
DOC-05919,1
DOC-05920,0
DOC-05921,0
DOC-05922,1
DOC-05923,1
DOC-05924,0
DOC-05925,0
DOC-05926,0
DOC-05927,1
DOC-05928,0
DOC-05929,0
DOC-05930,0
DOC-05931,1
DOC-05932,0
DOC-05933,0
DOC-05934,0
DOC-05935,1
DOC-05936,0
DOC-05937,1
DOC-05938,0
DOC-05939,0
DOC-05940,0
DOC-05941,1
DOC-05942,0
DOC-05943,0
DOC-05944,0
DOC-05945,1
DOC-05946,0
DOC-05947,0
DOC-05948,0
DOC-05949,0
DOC-05950,0
DOC-05951,0
DOC-05952,0
DOC-05953,0
DOC-05954,0
DOC-05955,1
DOC-05956,1
DOC-05957,0
DOC-05958,0
DOC-05959,0
DOC-05960,1
DOC-05961,1
DOC-05962,0
DOC-05963,0
DOC-05964,0
DOC-05965,0
DOC-05966,0
DOC-05967,0
DOC-05968,0
DOC-05969,0
DOC-05970,0
DOC-05971,0
DOC-05972,0
DOC-05973,1
DOC-05974,0
DOC-05975,0
DOC-05976,1
DOC-05977,0
DOC-05978,0
DOC-05979,1
DOC-05980,1
DOC-05981,0
DOC-05982,1
DOC-05983,1
DOC-05984,0
DOC-05985,0
DOC-05986,0
DOC-05987,1
DOC-05988,0
DOC-05989,0
DOC-05990,0
DOC-05991,0
DOC-05992,0
DOC-05993,0
DOC-05994,0
DOC-05995,0
DOC-05996,1
DOC-05997,0
DOC-05998,0
DOC-05999,0
DOC-06000,1
DOC-06001,0
DOC-06002,0
DOC-06003,1
DOC-06004,0
DOC-06005,0
DOC-06006,0
DOC-06007,1
DOC-06008,0
DOC-06009,0
DOC-06010,0
DOC-06011,0
DOC-06012,0
DOC-06013,0
DOC-06014,1
DOC-06015,0
DOC-06016,0
DOC-06017,0
DOC-06018,1
DOC-06019,0
DOC-06020,0
DOC-06021,0
DOC-06022,1
DOC-06023,0
DOC-06024,1
DOC-06025,0
DOC-06026,0
DOC-06027,0
DOC-06028,0
DOC-06029,0
DOC-06030,0
DOC-06031,0
DOC-06032,0
DOC-06033,0
DOC-06034,0
DOC-06035,0
DOC-06036,0
DOC-06037,1
DOC-06038,1
DOC-06039,1
DOC-06040,1
DOC-06041,0
DOC-06042,0
DOC-06043,0
DOC-06044,0
DOC-06045,0
DOC-06046,0
DOC-06047,0
DOC-06048,0
DOC-06049,0
DOC-06050,0
DOC-06051,1
DOC-06052,0
DOC-06053,0
DOC-06054,0
DOC-06055,0
DOC-06056,1
DOC-06057,1
DOC-06058,0
DOC-06059,0
DOC-06060,0
DOC-06061,0
DOC-06062,0
DOC-06063,1
DOC-06064,0
DOC-06065,0
DOC-06066,0
DOC-06067,1
DOC-06068,0
DOC-06069,0
DOC-06070,1
DOC-06071,1
DOC-06072,0
DOC-06073,0
DOC-06074,0
DOC-06075,0
DOC-06076,1
DOC-06077,0
DOC-06078,0
DOC-06079,0
DOC-06080,0
DOC-06081,0
DOC-06082,1
DOC-06083,1
DOC-06084,0
DOC-06085,0
DOC-06086,0
DOC-06087,1
DOC-06088,0
DOC-06089,0
DOC-06090,1
DOC-06091,0
DOC-06092,0
DOC-06093,0
DOC-06094,0
DOC-06095,0
DOC-06096,1
DOC-06097,0
DOC-06098,1
DOC-06099,0
DOC-06100,0
DOC-06101,0
DOC-06102,0
DOC-06103,0
DOC-06104,0
DOC-06105,0
DOC-06106,0
DOC-06107,1
DOC-06108,1
DOC-06109,0
DOC-06110,0
DOC-06111,0
DOC-06112,0
DOC-06113,0
DOC-06114,0
DOC-06115,0
DOC-06116,0
DOC-06117,1
DOC-06118,0
DOC-06119,0
DOC-06120,0
DOC-06121,1
DOC-06122,1
DOC-06123,0
DOC-06124,0
DOC-06125,1
DOC-06126,1
DOC-06127,0
DOC-06128,0
DOC-06129,0
DOC-06130,0
DOC-06131,0
DOC-06132,0
DOC-06133,0
DOC-06134,1
DOC-06135,1
DOC-06136,0
DOC-06137,0
DOC-06138,0
DOC-06139,1
DOC-06140,0
DOC-06141,0
DOC-06142,0
DOC-06143,0
DOC-06144,0
DOC-06145,0
DOC-06146,0
DOC-06147,0
DOC-06148,0
DOC-06149,0
DOC-06150,0
DOC-06151,1
DOC-06152,0
DOC-06153,0
DOC-06154,1
DOC-06155,0
DOC-06156,0
DOC-06157,1
DOC-06158,0
DOC-06159,0
DOC-06160,1
DOC-06161,0
DOC-06162,1
DOC-06163,0
DOC-06164,1
DOC-06165,1
DOC-06166,0
DOC-06167,0
DOC-06168,1
DOC-06169,0
DOC-06170,0
DOC-06171,0
DOC-06172,0
DOC-06173,0
DOC-06174,0
DOC-06175,0
DOC-06176,0
DOC-06177,0
DOC-06178,0
DOC-06179,0
DOC-06180,0
DOC-06181,0
DOC-06182,0
DOC-06183,0
DOC-06184,0
DOC-06185,0
DOC-06186,0
DOC-06187,0
DOC-06188,0
DOC-06189,0
DOC-06190,0
DOC-06191,1
DOC-06192,0
DOC-06193,0
DOC-06194,0
DOC-06195,0
DOC-06196,0
DOC-06197,0
DOC-06198,1
DOC-06199,0
DOC-06200,0
DOC-06201,0
DOC-06202,0
DOC-06203,1
DOC-06204,0
DOC-06205,1
DOC-06206,0
DOC-06207,0
DOC-06208,0
DOC-06209,1
DOC-06210,0
DOC-06211,1
DOC-06212,0
DOC-06213,0
DOC-06214,0
DOC-06215,0
DOC-06216,0
DOC-06217,0
DOC-06218,0
DOC-06219,0
DOC-06220,0
DOC-06221,0
DOC-06222,0
DOC-06223,0
DOC-06224,0
DOC-06225,0
DOC-06226,1
DOC-06227,0
DOC-06228,0
DOC-06229,0
DOC-06230,0
DOC-06231,0
DOC-06232,0
DOC-06233,1
DOC-06234,0
DOC-06235,0
DOC-06236,0
DOC-06237,0
DOC-06238,1
DOC-06239,0
DOC-06240,1
DOC-06241,0
DOC-06242,1
DOC-06243,0
DOC-06244,0
DOC-06245,0
DOC-06246,0
DOC-06247,0
DOC-06248,1
DOC-06249,0
DOC-06250,1
DOC-06251,0
DOC-06252,1
DOC-06253,1
DOC-06254,1
DOC-06255,0
DOC-06256,0
DOC-06257,0
DOC-06258,1
DOC-06259,0
DOC-06260,0
DOC-06261,0
DOC-06262,0
DOC-06263,0
DOC-06264,0
DOC-06265,1
DOC-06266,0
DOC-06267,0
DOC-06268,0
DOC-06269,0
DOC-06270,0
DOC-06271,1
DOC-06272,0
DOC-06273,0
DOC-06274,0
DOC-06275,0
DOC-06276,0
DOC-06277,0
DOC-06278,0
DOC-06279,0
DOC-06280,1
DOC-06281,0
DOC-06282,0
DOC-06283,0
DOC-06284,0
DOC-06285,1
DOC-06286,0
DOC-06287,1
DOC-06288,0
DOC-06289,0
DOC-06290,0
DOC-06291,1
DOC-06292,0
DOC-06293,0
DOC-06294,0
DOC-06295,0
DOC-06296,0
DOC-06297,0
DOC-06298,0
DOC-06299,0
DOC-06300,0
DOC-06301,0
DOC-06302,0
DOC-06303,1
DOC-06304,0
DOC-06305,0
DOC-06306,0
DOC-06307,0
DOC-06308,0
DOC-06309,0
DOC-06310,0
DOC-06311,1
DOC-06312,0
DOC-06313,0
DOC-06314,0
DOC-06315,0
DOC-06316,0
DOC-06317,0
DOC-06318,0
DOC-06319,0
DOC-06320,0
DOC-06321,0
DOC-06322,0
DOC-06323,0
DOC-06324,0
DOC-06325,0
DOC-06326,1
DOC-06327,0
DOC-06328,0
DOC-06329,1
DOC-06330,0
DOC-06331,0
DOC-06332,0
DOC-06333,0
DOC-06334,1
DOC-06335,0
DOC-06336,0
DOC-06337,1
DOC-06338,0
DOC-06339,0
DOC-06340,1
DOC-06341,0
DOC-06342,1
DOC-06343,0
DOC-06344,1
DOC-06345,0
DOC-06346,0
DOC-06347,0
DOC-06348,0
DOC-06349,0
DOC-06350,0
DOC-06351,0
DOC-06352,0
DOC-06353,1
DOC-06354,0
DOC-06355,0
DOC-06356,0
DOC-06357,0
DOC-06358,1
DOC-06359,1
DOC-06360,1
DOC-06361,0
DOC-06362,0
DOC-06363,0
DOC-06364,0
DOC-06365,0
DOC-06366,1
DOC-06367,0
DOC-06368,0
DOC-06369,1
DOC-06370,0
DOC-06371,0
DOC-06372,0
DOC-06373,0
DOC-06374,0
DOC-06375,0
DOC-06376,0
DOC-06377,0
DOC-06378,0
DOC-06379,0
DOC-06380,0
DOC-06381,0
DOC-06382,0
DOC-06383,0
DOC-06384,0
DOC-06385,0
DOC-06386,0
DOC-06387,0
DOC-06388,0
DOC-06389,0
DOC-06390,0
DOC-06391,0
DOC-06392,0
DOC-06393,0
DOC-06394,0
DOC-06395,0
DOC-06396,0
DOC-06397,0
DOC-06398,0
DOC-06399,1
DOC-06400,0
DOC-06401,1
DOC-06402,0
DOC-06403,0
DOC-06404,0
DOC-06405,0
DOC-06406,0
DOC-06407,0
DOC-06408,0
DOC-06409,0
DOC-06410,0
DOC-06411,1
DOC-06412,0
DOC-06413,1
DOC-06414,0
DOC-06415,0
DOC-06416,0
DOC-06417,0
DOC-06418,0
DOC-06419,0
DOC-06420,0
DOC-06421,0
DOC-06422,1
DOC-06423,0
DOC-06424,0
DOC-06425,0
DOC-06426,0
DOC-06427,0
DOC-06428,1
DOC-06429,0
DOC-06430,0
DOC-06431,0
DOC-06432,0
DOC-06433,0
DOC-06434,0
DOC-06435,0
DOC-06436,0
DOC-06437,0
DOC-06438,0
DOC-06439,0
DOC-06440,0
DOC-06441,0
DOC-06442,0
DOC-06443,0
DOC-06444,0
DOC-06445,1
DOC-06446,0
DOC-06447,0
DOC-06448,0
DOC-06449,0
DOC-06450,0
DOC-06451,0
DOC-06452,0
DOC-06453,0
DOC-06454,1
DOC-06455,0
DOC-06456,1
DOC-06457,1
DOC-06458,1
DOC-06459,0
DOC-06460,0
DOC-06461,0
DOC-06462,0
DOC-06463,0
DOC-06464,0
DOC-06465,0
DOC-06466,0
DOC-06467,0
DOC-06468,0
DOC-06469,0
DOC-06470,1
DOC-06471,1
DOC-06472,0
DOC-06473,0
DOC-06474,0
DOC-06475,0
DOC-06476,0
DOC-06477,1
DOC-06478,0
DOC-06479,0
DOC-06480,0
DOC-06481,0
DOC-06482,0
DOC-06483,0
DOC-06484,1
DOC-06485,0
DOC-06486,0
DOC-06487,0
DOC-06488,0
DOC-06489,0
DOC-06490,1
DOC-06491,0
DOC-06492,1
DOC-06493,0
DOC-06494,0
DOC-06495,1
DOC-06496,0
DOC-06497,0
DOC-06498,0
DOC-06499,0
DOC-06500,0
DOC-06501,0
DOC-06502,0
DOC-06503,0
DOC-06504,0
DOC-06505,0
DOC-06506,0
DOC-06507,0
DOC-06508,0
DOC-06509,0
DOC-06510,0
DOC-06511,0
DOC-06512,0
DOC-06513,0
DOC-06514,0
DOC-06515,0
DOC-06516,0
DOC-06517,0
DOC-06518,0
DOC-06519,0
DOC-06520,0
DOC-06521,1
DOC-06522,0
DOC-06523,0
DOC-06524,0
DOC-06525,0
DOC-06526,0
DOC-06527,0
DOC-06528,0
DOC-06529,0
DOC-06530,0
DOC-06531,0
DOC-06532,1
DOC-06533,0
DOC-06534,0
DOC-06535,0
DOC-06536,0
DOC-06537,0
DOC-06538,0
DOC-06539,1
DOC-06540,0
DOC-06541,0
DOC-06542,0
DOC-06543,0
DOC-06544,0
DOC-06545,0
DOC-06546,0
DOC-06547,0
DOC-06548,0
DOC-06549,0
DOC-06550,1
DOC-06551,0
DOC-06552,0
DOC-06553,0
DOC-06554,0
DOC-06555,0
DOC-06556,0
DOC-06557,0
DOC-06558,0
DOC-06559,0
DOC-06560,1
DOC-06561,1
DOC-06562,0
DOC-06563,0
DOC-06564,0
DOC-06565,0
DOC-06566,0
DOC-06567,0
DOC-06568,0
DOC-06569,0
DOC-06570,0
DOC-06571,0
DOC-06572,0
DOC-06573,1
DOC-06574,1
DOC-06575,0
DOC-06576,0
DOC-06577,0
DOC-06578,0
DOC-06579,0
DOC-06580,0
DOC-06581,0
DOC-06582,0
DOC-06583,0
DOC-06584,0
DOC-06585,0
DOC-06586,0
DOC-06587,0
DOC-06588,0
DOC-06589,0
DOC-06590,0
DOC-06591,0
DOC-06592,0
DOC-06593,0
DOC-06594,0
DOC-06595,0
DOC-06596,1
DOC-06597,1
DOC-06598,0
DOC-06599,1
DOC-06600,0
DOC-06601,0
DOC-06602,0
DOC-06603,1
DOC-06604,0
DOC-06605,0
DOC-06606,0
DOC-06607,0
DOC-06608,0
DOC-06609,0
DOC-06610,0
DOC-06611,0
DOC-06612,0
DOC-06613,1
DOC-06614,0
DOC-06615,0
DOC-06616,0
DOC-06617,0
DOC-06618,1
DOC-06619,0
DOC-06620,0
DOC-06621,0
DOC-06622,0
DOC-06623,0
DOC-06624,0
DOC-06625,0
DOC-06626,1
DOC-06627,0
DOC-06628,0
DOC-06629,0
DOC-06630,0
DOC-06631,0
DOC-06632,0
DOC-06633,0
DOC-06634,0
DOC-06635,0
DOC-06636,0
DOC-06637,1
DOC-06638,0
DOC-06639,0
DOC-06640,0
DOC-06641,0
DOC-06642,0
DOC-06643,0
DOC-06644,0
DOC-06645,1
DOC-06646,0
DOC-06647,0
DOC-06648,0
DOC-06649,0
DOC-06650,0
DOC-06651,0
DOC-06652,0
DOC-06653,0
DOC-06654,0
DOC-06655,1
DOC-06656,1
DOC-06657,0
DOC-06658,0
DOC-06659,0
DOC-06660,0
DOC-06661,0
DOC-06662,1
DOC-06663,0
DOC-06664,0
DOC-06665,0
DOC-06666,1
DOC-06667,1
DOC-06668,0
DOC-06669,0
DOC-06670,0
DOC-06671,0
DOC-06672,0
DOC-06673,1
DOC-06674,0
DOC-06675,0
DOC-06676,0
DOC-06677,0
DOC-06678,0
DOC-06679,0
DOC-06680,0
DOC-06681,1
DOC-06682,1
DOC-06683,0
DOC-06684,0
DOC-06685,0
DOC-06686,0
DOC-06687,0
DOC-06688,0
DOC-06689,0
DOC-06690,0
DOC-06691,0
DOC-06692,0
DOC-06693,0
DOC-06694,0
DOC-06695,0
DOC-06696,0
DOC-06697,1
DOC-06698,0
DOC-06699,0
DOC-06700,0
DOC-06701,0
DOC-06702,0
DOC-06703,1
DOC-06704,0
DOC-06705,0
DOC-06706,1
DOC-06707,0
DOC-06708,0
DOC-06709,0
DOC-06710,0
DOC-06711,1
DOC-06712,0
DOC-06713,1
DOC-06714,0
DOC-06715,0
DOC-06716,0
DOC-06717,0
DOC-06718,0
DOC-06719,0
DOC-06720,0
DOC-06721,0
DOC-06722,0
DOC-06723,0
DOC-06724,0
DOC-06725,0
DOC-06726,0
DOC-06727,0
DOC-06728,1
DOC-06729,0
DOC-06730,0
DOC-06731,0
DOC-06732,0
DOC-06733,0
DOC-06734,0
DOC-06735,0
DOC-06736,0
DOC-06737,0
DOC-06738,1
DOC-06739,0
DOC-06740,0
DOC-06741,0
DOC-06742,0
DOC-06743,0
DOC-06744,0
DOC-06745,0
DOC-06746,1
DOC-06747,0
DOC-06748,0
DOC-06749,0
DOC-06750,0
DOC-06751,1
DOC-06752,0
DOC-06753,0
DOC-06754,0
DOC-06755,1
DOC-06756,0
DOC-06757,0
DOC-06758,0
DOC-06759,1
DOC-06760,0
DOC-06761,0
DOC-06762,0
DOC-06763,0
DOC-06764,0
DOC-06765,0
DOC-06766,0
DOC-06767,0
DOC-06768,0
DOC-06769,0
DOC-06770,0
DOC-06771,0
DOC-06772,0
DOC-06773,0
DOC-06774,1
DOC-06775,0
DOC-06776,0
DOC-06777,0
DOC-06778,0
DOC-06779,0
DOC-06780,0
DOC-06781,0
DOC-06782,0
DOC-06783,0
DOC-06784,0
DOC-06785,0
DOC-06786,0
DOC-06787,0
DOC-06788,0
DOC-06789,0
DOC-06790,0
DOC-06791,0
DOC-06792,0
DOC-06793,1
DOC-06794,0
DOC-06795,0
DOC-06796,0
DOC-06797,0
DOC-06798,1
DOC-06799,0
DOC-06800,0
DOC-06801,0
DOC-06802,1
DOC-06803,0
DOC-06804,0
DOC-06805,0
DOC-06806,0
DOC-06807,1
DOC-06808,1
DOC-06809,0
DOC-06810,0
DOC-06811,0
DOC-06812,0
DOC-06813,0
DOC-06814,0
DOC-06815,0
DOC-06816,1
DOC-06817,0
DOC-06818,0
DOC-06819,1
DOC-06820,1
DOC-06821,0
DOC-06822,1
DOC-06823,1
DOC-06824,1
DOC-06825,0
DOC-06826,1
DOC-06827,1
DOC-06828,0
DOC-06829,1
DOC-06830,0
DOC-06831,0
DOC-06832,1
DOC-06833,1
DOC-06834,0
DOC-06835,0
DOC-06836,0
DOC-06837,1
DOC-06838,1
DOC-06839,0
DOC-06840,0
DOC-06841,0
DOC-06842,0
DOC-06843,0
DOC-06844,0
DOC-06845,0
DOC-06846,0
DOC-06847,0
DOC-06848,1
DOC-06849,0
DOC-06850,0
DOC-06851,0
DOC-06852,0
DOC-06853,0
DOC-06854,0
DOC-06855,0
DOC-06856,0
DOC-06857,1
DOC-06858,1
DOC-06859,0
DOC-06860,0
DOC-06861,0
DOC-06862,0
DOC-06863,1
DOC-06864,0
DOC-06865,0
DOC-06866,1
DOC-06867,0
DOC-06868,0
DOC-06869,0
DOC-06870,0
DOC-06871,0
DOC-06872,0
DOC-06873,0
DOC-06874,1
DOC-06875,0
DOC-06876,0
DOC-06877,0
DOC-06878,1
DOC-06879,1
DOC-06880,0
DOC-06881,0
DOC-06882,1
DOC-06883,0
DOC-06884,0
DOC-06885,0
DOC-06886,0
DOC-06887,0
DOC-06888,0
DOC-06889,0
DOC-06890,1
DOC-06891,0
DOC-06892,0
DOC-06893,1
DOC-06894,0
DOC-06895,1
DOC-06896,0
DOC-06897,0
DOC-06898,0
DOC-06899,0
DOC-06900,1
DOC-06901,0
DOC-06902,0
DOC-06903,0
DOC-06904,0
DOC-06905,0
DOC-06906,0
DOC-06907,0
DOC-06908,0
DOC-06909,0
DOC-06910,0
DOC-06911,0
DOC-06912,0
DOC-06913,0
DOC-06914,0
DOC-06915,0
DOC-06916,0
DOC-06917,0
DOC-06918,0
DOC-06919,0
DOC-06920,0
DOC-06921,0
DOC-06922,0
DOC-06923,0
DOC-06924,0
DOC-06925,0
DOC-06926,0
DOC-06927,0
DOC-06928,0
DOC-06929,0
DOC-06930,0
DOC-06931,0
DOC-06932,0
DOC-06933,0
DOC-06934,0
DOC-06935,0
DOC-06936,0
DOC-06937,0
DOC-06938,0
DOC-06939,1
DOC-06940,1
DOC-06941,1
DOC-06942,0
DOC-06943,0
DOC-06944,1
DOC-06945,1
DOC-06946,1
DOC-06947,0
DOC-06948,0
DOC-06949,0
DOC-06950,0
DOC-06951,0
DOC-06952,1
DOC-06953,0
DOC-06954,1
DOC-06955,1
DOC-06956,0
DOC-06957,0
DOC-06958,0
DOC-06959,0
DOC-06960,0
DOC-06961,0
DOC-06962,1
DOC-06963,0
DOC-06964,0
DOC-06965,0
DOC-06966,0
DOC-06967,0
DOC-06968,1
DOC-06969,0
DOC-06970,0
DOC-06971,0
DOC-06972,1
DOC-06973,0
DOC-06974,0
DOC-06975,0
DOC-06976,1
DOC-06977,0
DOC-06978,0
DOC-06979,1
DOC-06980,0
DOC-06981,0
DOC-06982,0
DOC-06983,0
DOC-06984,1
DOC-06985,0
DOC-06986,0
DOC-06987,0
DOC-06988,0
DOC-06989,0
DOC-06990,0
DOC-06991,0
DOC-06992,1
DOC-06993,0
DOC-06994,0
DOC-06995,0
DOC-06996,0
DOC-06997,1
DOC-06998,0
DOC-06999,1
DOC-07000,0
DOC-07001,0
DOC-07002,0
DOC-07003,0
DOC-07004,0
DOC-07005,0
DOC-07006,1
DOC-07007,0
DOC-07008,0
DOC-07009,0
DOC-07010,0
DOC-07011,0
DOC-07012,0
DOC-07013,0
DOC-07014,0
DOC-07015,1
DOC-07016,0
DOC-07017,1
DOC-07018,0
DOC-07019,0
DOC-07020,0
DOC-07021,1
DOC-07022,0
DOC-07023,0
DOC-07024,1
DOC-07025,1
DOC-07026,0
DOC-07027,0
DOC-07028,0
DOC-07029,0
DOC-07030,0
DOC-07031,0
DOC-07032,0
DOC-07033,0
DOC-07034,0
DOC-07035,0
DOC-07036,0
DOC-07037,0
DOC-07038,1
DOC-07039,0
DOC-07040,0
DOC-07041,0
DOC-07042,0
DOC-07043,1
DOC-07044,1
DOC-07045,1
DOC-07046,0
DOC-07047,0
DOC-07048,1
DOC-07049,0
DOC-07050,1
DOC-07051,0
DOC-07052,0
DOC-07053,0
DOC-07054,0
DOC-07055,0
DOC-07056,0
DOC-07057,0
DOC-07058,1
DOC-07059,0
DOC-07060,0
DOC-07061,1
DOC-07062,0
DOC-07063,0
DOC-07064,0
DOC-07065,1
DOC-07066,0
DOC-07067,0
DOC-07068,0
DOC-07069,0
DOC-07070,0
DOC-07071,0
DOC-07072,0
DOC-07073,0
DOC-07074,0
DOC-07075,0
DOC-07076,0
DOC-07077,0
DOC-07078,0
DOC-07079,1
DOC-07080,0
DOC-07081,0
DOC-07082,0
DOC-07083,0
DOC-07084,0
DOC-07085,0
DOC-07086,0
DOC-07087,0
DOC-07088,1
DOC-07089,0
DOC-07090,0
DOC-07091,0
DOC-07092,0
DOC-07093,0
DOC-07094,0
DOC-07095,1
DOC-07096,0
DOC-07097,0
DOC-07098,1
DOC-07099,0
DOC-07100,0
DOC-07101,0
DOC-07102,1
DOC-07103,0
DOC-07104,0
DOC-07105,1
DOC-07106,1
DOC-07107,0
DOC-07108,0
DOC-07109,0
DOC-07110,0
DOC-07111,0
DOC-07112,1
DOC-07113,0
DOC-07114,0
DOC-07115,0
DOC-07116,0
DOC-07117,0
DOC-07118,1
DOC-07119,0
DOC-07120,0
DOC-07121,0
DOC-07122,1
DOC-07123,0
DOC-07124,0
DOC-07125,0
DOC-07126,1
DOC-07127,0
DOC-07128,0
DOC-07129,0
DOC-07130,0
DOC-07131,0
DOC-07132,1
DOC-07133,1
DOC-07134,0
DOC-07135,0
DOC-07136,0
DOC-07137,0
DOC-07138,1
DOC-07139,0
DOC-07140,0
DOC-07141,0
DOC-07142,0
DOC-07143,0
DOC-07144,0
DOC-07145,0
DOC-07146,1
DOC-07147,0
DOC-07148,0
DOC-07149,0
DOC-07150,0
DOC-07151,0
DOC-07152,0
DOC-07153,0
DOC-07154,0
DOC-07155,0
DOC-07156,1
DOC-07157,0
DOC-07158,1
DOC-07159,0
DOC-07160,1
DOC-07161,0
DOC-07162,0
DOC-07163,0
DOC-07164,0
DOC-07165,0
DOC-07166,0
DOC-07167,0
DOC-07168,0
DOC-07169,0
DOC-07170,0
DOC-07171,0
DOC-07172,0
DOC-07173,0
DOC-07174,0
DOC-07175,0
DOC-07176,0
DOC-07177,0
DOC-07178,0
DOC-07179,0
DOC-07180,1
DOC-07181,0
DOC-07182,0
DOC-07183,1
DOC-07184,0
DOC-07185,0
DOC-07186,0
DOC-07187,0
DOC-07188,0
DOC-07189,0
DOC-07190,0
DOC-07191,0
DOC-07192,0
DOC-07193,0
DOC-07194,1
DOC-07195,0
DOC-07196,1
DOC-07197,0
DOC-07198,0
DOC-07199,0
DOC-07200,0
DOC-07201,0
DOC-07202,0
DOC-07203,0
DOC-07204,0
DOC-07205,0
DOC-07206,1
DOC-07207,0
DOC-07208,0
DOC-07209,0
DOC-07210,0
DOC-07211,0
DOC-07212,0
DOC-07213,0
DOC-07214,1
DOC-07215,0
DOC-07216,0
DOC-07217,0
DOC-07218,0
DOC-07219,0
DOC-07220,0
DOC-07221,0
DOC-07222,0
DOC-07223,0
DOC-07224,0
DOC-07225,0
DOC-07226,0
DOC-07227,0
DOC-07228,0
DOC-07229,0
DOC-07230,0
DOC-07231,0
DOC-07232,0
DOC-07233,0
DOC-07234,0
DOC-07235,0
DOC-07236,0
DOC-07237,0
DOC-07238,0
DOC-07239,0
DOC-07240,0
DOC-07241,0
DOC-07242,0
DOC-07243,0
DOC-07244,0
DOC-07245,0
DOC-07246,0
DOC-07247,0
DOC-07248,0
DOC-07249,1
DOC-07250,0
DOC-07251,0
DOC-07252,0
DOC-07253,0
DOC-07254,1
DOC-07255,0
DOC-07256,1
DOC-07257,1
DOC-07258,0
DOC-07259,0
DOC-07260,0
DOC-07261,0
DOC-07262,0
DOC-07263,1
DOC-07264,0
DOC-07265,0
DOC-07266,1
DOC-07267,1
DOC-07268,0
DOC-07269,0
DOC-07270,0
DOC-07271,0
DOC-07272,0
DOC-07273,0
DOC-07274,0
DOC-07275,0
DOC-07276,1
DOC-07277,0
DOC-07278,0
DOC-07279,0
DOC-07280,0
DOC-07281,1
DOC-07282,0
DOC-07283,0
DOC-07284,0
DOC-07285,0
DOC-07286,0
DOC-07287,1
DOC-07288,0
DOC-07289,0
DOC-07290,0
DOC-07291,0
DOC-07292,1
DOC-07293,1
DOC-07294,0
DOC-07295,0
DOC-07296,1
DOC-07297,0
DOC-07298,0
DOC-07299,1
DOC-07300,0
DOC-07301,1
DOC-07302,0
DOC-07303,1
DOC-07304,0
DOC-07305,0
DOC-07306,0
DOC-07307,0
DOC-07308,0
DOC-07309,0
DOC-07310,0
DOC-07311,0
DOC-07312,1
DOC-07313,0
DOC-07314,0
DOC-07315,0
DOC-07316,0
DOC-07317,0
DOC-07318,0
DOC-07319,1
DOC-07320,0
DOC-07321,0
DOC-07322,0
DOC-07323,1
DOC-07324,0
DOC-07325,0
DOC-07326,0
DOC-07327,1
DOC-07328,0
DOC-07329,0
DOC-07330,1
DOC-07331,0
DOC-07332,1
DOC-07333,1
DOC-07334,0
DOC-07335,1
DOC-07336,0
DOC-07337,0
DOC-07338,0
DOC-07339,0
DOC-07340,0
DOC-07341,0
DOC-07342,0
DOC-07343,0
DOC-07344,0
DOC-07345,0
DOC-07346,0
DOC-07347,0
DOC-07348,1
DOC-07349,0
DOC-07350,0
DOC-07351,0
DOC-07352,0
DOC-07353,0
DOC-07354,0
DOC-07355,0
DOC-07356,0
DOC-07357,0
DOC-07358,1
DOC-07359,0
DOC-07360,0
DOC-07361,0
DOC-07362,0
DOC-07363,0
DOC-07364,0
DOC-07365,1
DOC-07366,0
DOC-07367,0
DOC-07368,0
DOC-07369,0
DOC-07370,0
DOC-07371,1
DOC-07372,0
DOC-07373,0
DOC-07374,0
DOC-07375,0
DOC-07376,1
DOC-07377,0
DOC-07378,0
DOC-07379,1
DOC-07380,0
DOC-07381,0
DOC-07382,0
DOC-07383,0
DOC-07384,0
DOC-07385,1
DOC-07386,0
DOC-07387,0
DOC-07388,0
DOC-07389,1
DOC-07390,1
DOC-07391,0
DOC-07392,0
DOC-07393,0
DOC-07394,0
DOC-07395,0
DOC-07396,0
DOC-07397,1
DOC-07398,0
DOC-07399,1
DOC-07400,0
DOC-07401,0
DOC-07402,0
DOC-07403,1
DOC-07404,0
DOC-07405,0
DOC-07406,0
DOC-07407,0
DOC-07408,1
DOC-07409,0
DOC-07410,0
DOC-07411,0
DOC-07412,0
DOC-07413,0
DOC-07414,0
DOC-07415,0
DOC-07416,0
DOC-07417,1
DOC-07418,1
DOC-07419,0
DOC-07420,1
DOC-07421,0
DOC-07422,1
DOC-07423,0
DOC-07424,0
DOC-07425,0
DOC-07426,0
DOC-07427,1
DOC-07428,0
DOC-07429,0
DOC-07430,0
DOC-07431,1
DOC-07432,0
DOC-07433,1
DOC-07434,0
DOC-07435,0
DOC-07436,0
DOC-07437,0
DOC-07438,1
DOC-07439,0
DOC-07440,0
DOC-07441,0
DOC-07442,0
DOC-07443,1
DOC-07444,0
DOC-07445,0
DOC-07446,0
DOC-07447,0
DOC-07448,0
DOC-07449,0
DOC-07450,1
DOC-07451,0
DOC-07452,0
DOC-07453,0
DOC-07454,0
DOC-07455,0
DOC-07456,0
DOC-07457,1
DOC-07458,0
DOC-07459,0
DOC-07460,0
DOC-07461,1
DOC-07462,0
DOC-07463,0
DOC-07464,0
DOC-07465,0
DOC-07466,0
DOC-07467,1
DOC-07468,0
DOC-07469,0
DOC-07470,0
DOC-07471,0
DOC-07472,1
DOC-07473,0
DOC-07474,0
DOC-07475,0
DOC-07476,0
DOC-07477,0
DOC-07478,0
DOC-07479,0
DOC-07480,0
DOC-07481,1
DOC-07482,0
DOC-07483,0
DOC-07484,0
DOC-07485,1
DOC-07486,0
DOC-07487,0
DOC-07488,1
DOC-07489,1
DOC-07490,0
DOC-07491,0
DOC-07492,0
DOC-07493,0
DOC-07494,0
DOC-07495,0
DOC-07496,0
DOC-07497,1
DOC-07498,0
DOC-07499,0
DOC-07500,0
DOC-07501,0
DOC-07502,0
DOC-07503,0
DOC-07504,0
DOC-07505,0
DOC-07506,0
DOC-07507,0
DOC-07508,1
DOC-07509,1
DOC-07510,0
DOC-07511,0
DOC-07512,0
DOC-07513,0
DOC-07514,0
DOC-07515,1
DOC-07516,0
DOC-07517,0
DOC-07518,0
DOC-07519,0
DOC-07520,1
DOC-07521,0
DOC-07522,1
DOC-07523,0
DOC-07524,0
DOC-07525,0
DOC-07526,0
DOC-07527,0
DOC-07528,0
DOC-07529,0
DOC-07530,0
DOC-07531,0
DOC-07532,1
DOC-07533,1
DOC-07534,0
DOC-07535,0
DOC-07536,0
DOC-07537,0
DOC-07538,0
DOC-07539,1
DOC-07540,0
DOC-07541,0
DOC-07542,0
DOC-07543,0
DOC-07544,1
DOC-07545,0
DOC-07546,1
DOC-07547,0
DOC-07548,0
DOC-07549,1
DOC-07550,0
DOC-07551,1
DOC-07552,1
DOC-07553,0
DOC-07554,0
DOC-07555,0
DOC-07556,0
DOC-07557,0
DOC-07558,0
DOC-07559,0
DOC-07560,0
DOC-07561,0
DOC-07562,0
DOC-07563,0
DOC-07564,1
DOC-07565,0
DOC-07566,0
DOC-07567,0
DOC-07568,0
DOC-07569,1
DOC-07570,0
DOC-07571,0
DOC-07572,0
DOC-07573,0
DOC-07574,0
DOC-07575,0
DOC-07576,0
DOC-07577,0
DOC-07578,0
DOC-07579,1
DOC-07580,0
DOC-07581,1
DOC-07582,1
DOC-07583,0
DOC-07584,0
DOC-07585,1
DOC-07586,0
DOC-07587,0
DOC-07588,0
DOC-07589,0
DOC-07590,1
DOC-07591,0
DOC-07592,0
DOC-07593,0
DOC-07594,1
DOC-07595,0
DOC-07596,0
DOC-07597,0
DOC-07598,0
DOC-07599,0
DOC-07600,0
DOC-07601,0
DOC-07602,0
DOC-07603,0
DOC-07604,0
DOC-07605,1
DOC-07606,0
DOC-07607,1
DOC-07608,0
DOC-07609,0
DOC-07610,0
DOC-07611,1
DOC-07612,0
DOC-07613,1
DOC-07614,0
DOC-07615,1
DOC-07616,0
DOC-07617,0
DOC-07618,0
DOC-07619,1
DOC-07620,0
DOC-07621,0
DOC-07622,0
DOC-07623,0
DOC-07624,1
DOC-07625,0
DOC-07626,0
DOC-07627,1
DOC-07628,0
DOC-07629,0
DOC-07630,0
DOC-07631,0
DOC-07632,1
DOC-07633,0
DOC-07634,0
DOC-07635,0
DOC-07636,1
DOC-07637,1
DOC-07638,0
DOC-07639,0
DOC-07640,1
DOC-07641,0
DOC-07642,0
DOC-07643,0
DOC-07644,0
DOC-07645,0
DOC-07646,0
DOC-07647,0
DOC-07648,1
DOC-07649,0
DOC-07650,0
DOC-07651,0
DOC-07652,0
DOC-07653,0
DOC-07654,0
DOC-07655,0
DOC-07656,0
DOC-07657,0
DOC-07658,0
DOC-07659,1
DOC-07660,0
DOC-07661,1
DOC-07662,0
DOC-07663,0
DOC-07664,0
DOC-07665,0
DOC-07666,0
DOC-07667,0
DOC-07668,0
DOC-07669,0
DOC-07670,1
DOC-07671,0
DOC-07672,0
DOC-07673,0
DOC-07674,0
DOC-07675,0
DOC-07676,0
DOC-07677,0
DOC-07678,0
DOC-07679,1
DOC-07680,0
DOC-07681,0
DOC-07682,0
DOC-07683,0
DOC-07684,0
DOC-07685,0
DOC-07686,0
DOC-07687,0
DOC-07688,0
DOC-07689,1
DOC-07690,0
DOC-07691,0
DOC-07692,1
DOC-07693,0
DOC-07694,1
DOC-07695,0
DOC-07696,0
DOC-07697,0
DOC-07698,0
DOC-07699,0
DOC-07700,1
DOC-07701,1
DOC-07702,0
DOC-07703,0
DOC-07704,0
DOC-07705,0
DOC-07706,0
DOC-07707,0
DOC-07708,0
DOC-07709,0
DOC-07710,0
DOC-07711,0
DOC-07712,0
DOC-07713,0
DOC-07714,0
DOC-07715,0
DOC-07716,0
DOC-07717,0
DOC-07718,0
DOC-07719,0
DOC-07720,0
DOC-07721,0
DOC-07722,0
DOC-07723,0
DOC-07724,0
DOC-07725,0
DOC-07726,1
DOC-07727,0
DOC-07728,0
DOC-07729,0
DOC-07730,0
DOC-07731,0
DOC-07732,0
DOC-07733,0
DOC-07734,0
DOC-07735,0
DOC-07736,0
DOC-07737,0
DOC-07738,0
DOC-07739,0
DOC-07740,0
DOC-07741,0
DOC-07742,0
DOC-07743,0
DOC-07744,1
DOC-07745,0
DOC-07746,0
DOC-07747,0
DOC-07748,0
DOC-07749,0
DOC-07750,0
DOC-07751,0
DOC-07752,0
DOC-07753,0
DOC-07754,0
DOC-07755,0
DOC-07756,0
DOC-07757,0
DOC-07758,0
DOC-07759,0
DOC-07760,0
DOC-07761,1
DOC-07762,0
DOC-07763,0
DOC-07764,0
DOC-07765,1
DOC-07766,0
DOC-07767,0
DOC-07768,1
DOC-07769,1
DOC-07770,0
DOC-07771,1
DOC-07772,0
DOC-07773,1
DOC-07774,1
DOC-07775,1
DOC-07776,0
DOC-07777,0
DOC-07778,0
DOC-07779,0
DOC-07780,0
DOC-07781,0
DOC-07782,0
DOC-07783,0
DOC-07784,0
DOC-07785,1
DOC-07786,0
DOC-07787,0
DOC-07788,0
DOC-07789,0
DOC-07790,0
DOC-07791,0
DOC-07792,1
DOC-07793,0
DOC-07794,0
DOC-07795,0
DOC-07796,0
DOC-07797,0
DOC-07798,1
DOC-07799,0
DOC-07800,0
DOC-07801,1
DOC-07802,0
DOC-07803,0
DOC-07804,1
DOC-07805,0
DOC-07806,0
DOC-07807,0
DOC-07808,0
DOC-07809,0
DOC-07810,0
DOC-07811,0
DOC-07812,0
DOC-07813,0
DOC-07814,1
DOC-07815,0
DOC-07816,1
DOC-07817,0
DOC-07818,1
DOC-07819,0
DOC-07820,1
DOC-07821,0
DOC-07822,0
DOC-07823,0
DOC-07824,0
DOC-07825,0
DOC-07826,0
DOC-07827,0
DOC-07828,1
DOC-07829,0
DOC-07830,0
DOC-07831,1
DOC-07832,1
DOC-07833,0
DOC-07834,0
DOC-07835,0
DOC-07836,0
DOC-07837,0
DOC-07838,0
DOC-07839,0
DOC-07840,0
DOC-07841,0
DOC-07842,0
DOC-07843,0
DOC-07844,0
DOC-07845,0
DOC-07846,0
DOC-07847,0
DOC-07848,0
DOC-07849,0
DOC-07850,1
DOC-07851,0
DOC-07852,0
DOC-07853,0
DOC-07854,0
DOC-07855,1
DOC-07856,0
DOC-07857,0
DOC-07858,0
DOC-07859,0
DOC-07860,0
DOC-07861,1
DOC-07862,0
DOC-07863,0
DOC-07864,0
DOC-07865,1
DOC-07866,0
DOC-07867,0
DOC-07868,1
DOC-07869,0
DOC-07870,0
DOC-07871,0
DOC-07872,1
DOC-07873,0
DOC-07874,0
DOC-07875,0
DOC-07876,0
DOC-07877,0
DOC-07878,0
DOC-07879,0
DOC-07880,0
DOC-07881,0
DOC-07882,0
DOC-07883,0
DOC-07884,0
DOC-07885,0
DOC-07886,0
DOC-07887,1
DOC-07888,0
DOC-07889,0
DOC-07890,0
DOC-07891,0
DOC-07892,0
DOC-07893,0
DOC-07894,0
DOC-07895,1
DOC-07896,0
DOC-07897,0
DOC-07898,0
DOC-07899,0
DOC-07900,0
DOC-07901,0
DOC-07902,0
DOC-07903,0
DOC-07904,0
DOC-07905,0
DOC-07906,0
DOC-07907,1
DOC-07908,0
DOC-07909,0
DOC-07910,1
DOC-07911,0
DOC-07912,0
DOC-07913,0
DOC-07914,0
DOC-07915,1
DOC-07916,0
DOC-07917,0
DOC-07918,0
DOC-07919,0
DOC-07920,1
DOC-07921,1
DOC-07922,0
DOC-07923,1
DOC-07924,0
DOC-07925,0
DOC-07926,0
DOC-07927,1
DOC-07928,0
DOC-07929,0
DOC-07930,0
DOC-07931,0
DOC-07932,0
DOC-07933,0
DOC-07934,0
DOC-07935,1
DOC-07936,0
DOC-07937,0
DOC-07938,0
DOC-07939,0
DOC-07940,0
DOC-07941,0
DOC-07942,0
DOC-07943,0
DOC-07944,0
DOC-07945,0
DOC-07946,0
DOC-07947,0
DOC-07948,1
DOC-07949,1
DOC-07950,0
DOC-07951,0
DOC-07952,1
DOC-07953,0
DOC-07954,1
DOC-07955,1
DOC-07956,0
DOC-07957,0
DOC-07958,0
DOC-07959,0
DOC-07960,0
DOC-07961,0
DOC-07962,0
DOC-07963,0
DOC-07964,0
DOC-07965,0
DOC-07966,0
DOC-07967,0
DOC-07968,0
DOC-07969,1
DOC-07970,0
DOC-07971,0
DOC-07972,0
DOC-07973,0
DOC-07974,1
DOC-07975,0
DOC-07976,0
DOC-07977,0
DOC-07978,0
DOC-07979,0
DOC-07980,0
DOC-07981,0
DOC-07982,0
DOC-07983,0
DOC-07984,1
DOC-07985,0
DOC-07986,0
DOC-07987,1
DOC-07988,0
DOC-07989,0
DOC-07990,0
DOC-07991,0
DOC-07992,1
DOC-07993,0
DOC-07994,0
DOC-07995,0
DOC-07996,0
DOC-07997,1
DOC-07998,0
DOC-07999,0
DOC-08000,0
DOC-08001,0
DOC-08002,0
DOC-08003,0
DOC-08004,0
DOC-08005,0
DOC-08006,0
DOC-08007,0
DOC-08008,1
DOC-08009,0
DOC-08010,1
DOC-08011,0
DOC-08012,0
DOC-08013,0
DOC-08014,0
DOC-08015,0
DOC-08016,0
DOC-08017,1
DOC-08018,0
DOC-08019,0
DOC-08020,0
DOC-08021,1
DOC-08022,0
DOC-08023,1
DOC-08024,0
DOC-08025,1
DOC-08026,0
DOC-08027,0
DOC-08028,0
DOC-08029,0
DOC-08030,0
DOC-08031,0
DOC-08032,0
DOC-08033,0
DOC-08034,0
DOC-08035,0
DOC-08036,0
DOC-08037,1
DOC-08038,0
DOC-08039,0
DOC-08040,1
DOC-08041,0
DOC-08042,0
DOC-08043,0
DOC-08044,1
DOC-08045,0
DOC-08046,0
DOC-08047,0
DOC-08048,0
DOC-08049,0
DOC-08050,0
DOC-08051,0
DOC-08052,0
DOC-08053,0
DOC-08054,0
DOC-08055,0
DOC-08056,0
DOC-08057,0
DOC-08058,0
DOC-08059,1
DOC-08060,0
DOC-08061,0
DOC-08062,0
DOC-08063,0
DOC-08064,0
DOC-08065,0
DOC-08066,0
DOC-08067,1
DOC-08068,0
DOC-08069,0
DOC-08070,0
DOC-08071,0
DOC-08072,0
DOC-08073,0
DOC-08074,0
DOC-08075,1
DOC-08076,0
DOC-08077,0
DOC-08078,0
DOC-08079,1
DOC-08080,0
DOC-08081,0
DOC-08082,0
DOC-08083,0
DOC-08084,0
DOC-08085,1
DOC-08086,0
DOC-08087,0
DOC-08088,0
DOC-08089,0
DOC-08090,0
DOC-08091,0
DOC-08092,0
DOC-08093,0
DOC-08094,0
DOC-08095,0
DOC-08096,0
DOC-08097,0
DOC-08098,0
DOC-08099,1
DOC-08100,0
DOC-08101,0
DOC-08102,1
DOC-08103,1
DOC-08104,0
DOC-08105,0
DOC-08106,1
DOC-08107,0
DOC-08108,0
DOC-08109,0
DOC-08110,0
DOC-08111,1
DOC-08112,0
DOC-08113,1
DOC-08114,0
DOC-08115,1
DOC-08116,0
DOC-08117,0
DOC-08118,0
DOC-08119,0
DOC-08120,0
DOC-08121,0
DOC-08122,0
DOC-08123,0
DOC-08124,0
DOC-08125,0
DOC-08126,0
DOC-08127,0
DOC-08128,0
DOC-08129,1
DOC-08130,1
DOC-08131,0
DOC-08132,0
DOC-08133,0
DOC-08134,0
DOC-08135,1
DOC-08136,0
DOC-08137,1
DOC-08138,0
DOC-08139,0
DOC-08140,0
DOC-08141,0
DOC-08142,0
DOC-08143,0
DOC-08144,0
DOC-08145,0
DOC-08146,1
DOC-08147,0
DOC-08148,0
DOC-08149,1
DOC-08150,0
DOC-08151,1
DOC-08152,0
DOC-08153,0
DOC-08154,0
DOC-08155,0
DOC-08156,0
DOC-08157,1
DOC-08158,1
DOC-08159,0
DOC-08160,0
DOC-08161,0
DOC-08162,1
DOC-08163,0
DOC-08164,0
DOC-08165,1
DOC-08166,0
DOC-08167,0
DOC-08168,0
DOC-08169,1
DOC-08170,0
DOC-08171,0
DOC-08172,0
DOC-08173,0
DOC-08174,0
DOC-08175,0
DOC-08176,0
DOC-08177,0
DOC-08178,0
DOC-08179,0
DOC-08180,0
DOC-08181,1
DOC-08182,0
DOC-08183,0
DOC-08184,1
DOC-08185,0
DOC-08186,0
DOC-08187,0
DOC-08188,0
DOC-08189,0
DOC-08190,0
DOC-08191,0
DOC-08192,0
DOC-08193,0
DOC-08194,0
DOC-08195,0
DOC-08196,0
DOC-08197,0
DOC-08198,0
DOC-08199,0
DOC-08200,1
DOC-08201,0
DOC-08202,1
DOC-08203,0
DOC-08204,0
DOC-08205,0
DOC-08206,1
DOC-08207,0
DOC-08208,0
DOC-08209,1
DOC-08210,0
DOC-08211,0
DOC-08212,0
DOC-08213,0
DOC-08214,1
DOC-08215,0
DOC-08216,0
DOC-08217,0
DOC-08218,0
DOC-08219,0
DOC-08220,0
DOC-08221,0
DOC-08222,0
DOC-08223,0
DOC-08224,1
DOC-08225,0
DOC-08226,0
DOC-08227,0
DOC-08228,0
DOC-08229,0
DOC-08230,0
DOC-08231,0
DOC-08232,0
DOC-08233,0
DOC-08234,0
DOC-08235,0
DOC-08236,0
DOC-08237,0
DOC-08238,0
DOC-08239,0
DOC-08240,0
DOC-08241,0
DOC-08242,0
DOC-08243,0
DOC-08244,0
DOC-08245,0
DOC-08246,1
DOC-08247,0
DOC-08248,0
DOC-08249,0
DOC-08250,0
DOC-08251,0
DOC-08252,0
DOC-08253,0
DOC-08254,0
DOC-08255,0
DOC-08256,0
DOC-08257,1
DOC-08258,0
DOC-08259,0
DOC-08260,0
DOC-08261,1
DOC-08262,0
DOC-08263,0
DOC-08264,0
DOC-08265,0
DOC-08266,0
DOC-08267,0
DOC-08268,0
DOC-08269,0
DOC-08270,0
DOC-08271,0
DOC-08272,0
DOC-08273,0
DOC-08274,1
DOC-08275,0
DOC-08276,0
DOC-08277,0
DOC-08278,0
DOC-08279,1
DOC-08280,0
DOC-08281,0
DOC-08282,0
DOC-08283,1
DOC-08284,0
DOC-08285,0
DOC-08286,1
DOC-08287,0
DOC-08288,0
DOC-08289,0
DOC-08290,0
DOC-08291,0
DOC-08292,0
DOC-08293,0
DOC-08294,0
DOC-08295,0
DOC-08296,1
DOC-08297,0
DOC-08298,0
DOC-08299,1
DOC-08300,0
DOC-08301,0
DOC-08302,0
DOC-08303,0
DOC-08304,0
DOC-08305,0
DOC-08306,0
DOC-08307,0
DOC-08308,0
DOC-08309,0
DOC-08310,0
DOC-08311,0
DOC-08312,0
DOC-08313,1
DOC-08314,0
DOC-08315,0
DOC-08316,0
DOC-08317,0
DOC-08318,0
DOC-08319,0
DOC-08320,1
DOC-08321,1
DOC-08322,0
DOC-08323,0
DOC-08324,0
DOC-08325,1
DOC-08326,0
DOC-08327,0
DOC-08328,0
DOC-08329,0
DOC-08330,0
DOC-08331,0
DOC-08332,0
DOC-08333,1
DOC-08334,1
DOC-08335,0
DOC-08336,0
DOC-08337,0
DOC-08338,1
DOC-08339,0
DOC-08340,0
DOC-08341,1
DOC-08342,0
DOC-08343,0
DOC-08344,0
DOC-08345,0
DOC-08346,0
DOC-08347,0
DOC-08348,0
DOC-08349,0
DOC-08350,0
DOC-08351,0
DOC-08352,0
DOC-08353,0
DOC-08354,0
DOC-08355,0
DOC-08356,0
DOC-08357,0
DOC-08358,0
DOC-08359,1
DOC-08360,0
DOC-08361,0
DOC-08362,0
DOC-08363,0
DOC-08364,0
DOC-08365,1
DOC-08366,1
DOC-08367,0
DOC-08368,0
DOC-08369,0
DOC-08370,0
DOC-08371,0
DOC-08372,0
DOC-08373,0
DOC-08374,0
DOC-08375,0
DOC-08376,0
DOC-08377,1
DOC-08378,0
DOC-08379,1
DOC-08380,1
DOC-08381,0
DOC-08382,0
DOC-08383,0
DOC-08384,0
DOC-08385,0
DOC-08386,0
DOC-08387,0
DOC-08388,0
DOC-08389,0
DOC-08390,0
DOC-08391,0
DOC-08392,0
DOC-08393,1
DOC-08394,0
DOC-08395,0
DOC-08396,0
DOC-08397,1
DOC-08398,0
DOC-08399,0
DOC-08400,0
DOC-08401,1
DOC-08402,0
DOC-08403,1
DOC-08404,1
DOC-08405,0
DOC-08406,1
DOC-08407,0
DOC-08408,0
DOC-08409,0
DOC-08410,0
DOC-08411,0
DOC-08412,0
DOC-08413,0
DOC-08414,0
DOC-08415,1
DOC-08416,1
DOC-08417,1
DOC-08418,0
DOC-08419,0
DOC-08420,1
DOC-08421,0
DOC-08422,0
DOC-08423,0
DOC-08424,0
DOC-08425,0
DOC-08426,0
DOC-08427,0
DOC-08428,0
DOC-08429,0
DOC-08430,0
DOC-08431,1
DOC-08432,0
DOC-08433,0
DOC-08434,0
DOC-08435,0
DOC-08436,0
DOC-08437,0
DOC-08438,0
DOC-08439,1
DOC-08440,1
DOC-08441,0
DOC-08442,0
DOC-08443,0
DOC-08444,1
DOC-08445,0
DOC-08446,1
DOC-08447,0
DOC-08448,0
DOC-08449,1
DOC-08450,0
DOC-08451,0
DOC-08452,0
DOC-08453,0
DOC-08454,0
DOC-08455,0
DOC-08456,0
DOC-08457,0
DOC-08458,0
DOC-08459,0
DOC-08460,1
DOC-08461,0
DOC-08462,0
DOC-08463,1
DOC-08464,1
DOC-08465,0
DOC-08466,0
DOC-08467,0
DOC-08468,0
DOC-08469,0
DOC-08470,0
DOC-08471,0
DOC-08472,0
DOC-08473,0
DOC-08474,0
DOC-08475,0
DOC-08476,0
DOC-08477,0
DOC-08478,0
DOC-08479,0
DOC-08480,0
DOC-08481,0
DOC-08482,0
DOC-08483,0
DOC-08484,0
DOC-08485,0
DOC-08486,0
DOC-08487,0
DOC-08488,0
DOC-08489,0
DOC-08490,0
DOC-08491,0
DOC-08492,0
DOC-08493,1
DOC-08494,0
DOC-08495,0
DOC-08496,0
DOC-08497,0
DOC-08498,1
DOC-08499,0
DOC-08500,0
DOC-08501,0
DOC-08502,0
DOC-08503,0
DOC-08504,0
DOC-08505,0
DOC-08506,0
DOC-08507,0
DOC-08508,0
DOC-08509,0
DOC-08510,1
DOC-08511,0
DOC-08512,0
DOC-08513,0
DOC-08514,0
DOC-08515,0
DOC-08516,1
DOC-08517,1
DOC-08518,0
DOC-08519,1
DOC-08520,0
DOC-08521,0
DOC-08522,0
DOC-08523,0
DOC-08524,0
DOC-08525,0
DOC-08526,0
DOC-08527,0
DOC-08528,1
DOC-08529,0
DOC-08530,0
DOC-08531,0
DOC-08532,0
DOC-08533,0
DOC-08534,0
DOC-08535,0
DOC-08536,0
DOC-08537,0
DOC-08538,0
DOC-08539,1
DOC-08540,0
DOC-08541,0
DOC-08542,0
DOC-08543,1
DOC-08544,0
DOC-08545,0
DOC-08546,0
DOC-08547,0
DOC-08548,0
DOC-08549,1
DOC-08550,0
DOC-08551,0
DOC-08552,0
DOC-08553,0
DOC-08554,0
DOC-08555,0
DOC-08556,0
DOC-08557,0
DOC-08558,0
DOC-08559,0
DOC-08560,0
DOC-08561,0
DOC-08562,1
DOC-08563,0
DOC-08564,1
DOC-08565,0
DOC-08566,0
DOC-08567,0
DOC-08568,0
DOC-08569,0
DOC-08570,1
DOC-08571,0
DOC-08572,0
DOC-08573,0
DOC-08574,0
DOC-08575,0
DOC-08576,0
DOC-08577,1
DOC-08578,0
DOC-08579,0
DOC-08580,1
DOC-08581,0
DOC-08582,0
DOC-08583,0
DOC-08584,0
DOC-08585,0
DOC-08586,0
DOC-08587,1
DOC-08588,0
DOC-08589,0
DOC-08590,0
DOC-08591,0
DOC-08592,0
DOC-08593,0
DOC-08594,0
DOC-08595,0
DOC-08596,0
DOC-08597,0
DOC-08598,0
DOC-08599,1
DOC-08600,0
DOC-08601,0
DOC-08602,0
DOC-08603,0
DOC-08604,0
DOC-08605,0
DOC-08606,0
DOC-08607,1
DOC-08608,0
DOC-08609,0
DOC-08610,0
DOC-08611,0
DOC-08612,0
DOC-08613,1
DOC-08614,0
DOC-08615,0
DOC-08616,0
DOC-08617,1
DOC-08618,0
DOC-08619,0
DOC-08620,0
DOC-08621,0
DOC-08622,0
DOC-08623,0
DOC-08624,1
DOC-08625,0
DOC-08626,0
DOC-08627,1
DOC-08628,1
DOC-08629,1
DOC-08630,0
DOC-08631,0
DOC-08632,0
DOC-08633,0
DOC-08634,0
DOC-08635,0
DOC-08636,0
DOC-08637,0
DOC-08638,1
DOC-08639,0
DOC-08640,0
DOC-08641,0
DOC-08642,0
DOC-08643,0
DOC-08644,0
DOC-08645,1
DOC-08646,0
DOC-08647,0
DOC-08648,0
DOC-08649,0
DOC-08650,0
DOC-08651,0
DOC-08652,0
DOC-08653,0
DOC-08654,1
DOC-08655,0
DOC-08656,1
DOC-08657,1
DOC-08658,0
DOC-08659,0
DOC-08660,0
DOC-08661,0
DOC-08662,0
DOC-08663,0
DOC-08664,0
DOC-08665,0
DOC-08666,0
DOC-08667,0
DOC-08668,0
DOC-08669,0
DOC-08670,0
DOC-08671,1
DOC-08672,0
DOC-08673,0
DOC-08674,0
DOC-08675,0
DOC-08676,0
DOC-08677,0
DOC-08678,0
DOC-08679,0
DOC-08680,1
DOC-08681,0
DOC-08682,0
DOC-08683,0
DOC-08684,1
DOC-08685,0
DOC-08686,0
DOC-08687,0
DOC-08688,1
DOC-08689,0
DOC-08690,0
DOC-08691,0
DOC-08692,0
DOC-08693,0
DOC-08694,0
DOC-08695,1
DOC-08696,0
DOC-08697,0
DOC-08698,0
DOC-08699,0
DOC-08700,0
DOC-08701,0
DOC-08702,0
DOC-08703,1
DOC-08704,0
DOC-08705,0
DOC-08706,0
DOC-08707,0
DOC-08708,0
DOC-08709,0
DOC-08710,0
DOC-08711,1
DOC-08712,1
DOC-08713,0
DOC-08714,0
DOC-08715,0
DOC-08716,0
DOC-08717,1
DOC-08718,1
DOC-08719,0
DOC-08720,0
DOC-08721,0
DOC-08722,0
DOC-08723,1
DOC-08724,1
DOC-08725,0
DOC-08726,0
DOC-08727,0
DOC-08728,1
DOC-08729,0
DOC-08730,0
DOC-08731,0
DOC-08732,0
DOC-08733,0
DOC-08734,0
DOC-08735,0
DOC-08736,0
DOC-08737,0
DOC-08738,0
DOC-08739,1
DOC-08740,0
DOC-08741,1
DOC-08742,0
DOC-08743,0
DOC-08744,0
DOC-08745,1
DOC-08746,0
DOC-08747,1
DOC-08748,0
DOC-08749,0
DOC-08750,1
DOC-08751,0
DOC-08752,1
DOC-08753,0
DOC-08754,0
DOC-08755,1
DOC-08756,0
DOC-08757,0
DOC-08758,0
DOC-08759,0
DOC-08760,0
DOC-08761,0
DOC-08762,1
DOC-08763,0
DOC-08764,0
DOC-08765,0
DOC-08766,0
DOC-08767,0
DOC-08768,1
DOC-08769,0
DOC-08770,0
DOC-08771,1
DOC-08772,0
DOC-08773,0
DOC-08774,1
DOC-08775,0
DOC-08776,0
DOC-08777,1
DOC-08778,0
DOC-08779,0
DOC-08780,0
DOC-08781,1
DOC-08782,0
DOC-08783,1
DOC-08784,0
DOC-08785,0
DOC-08786,0
DOC-08787,0
DOC-08788,0
DOC-08789,0
DOC-08790,0
DOC-08791,0
DOC-08792,0
DOC-08793,0
DOC-08794,1
DOC-08795,0
DOC-08796,0
DOC-08797,1
DOC-08798,1
DOC-08799,0
DOC-08800,0
DOC-08801,0
DOC-08802,0
DOC-08803,0
DOC-08804,1
DOC-08805,0
DOC-08806,1
DOC-08807,0
DOC-08808,0
DOC-08809,0
DOC-08810,0
DOC-08811,0
DOC-08812,0
DOC-08813,0
DOC-08814,0
DOC-08815,0
DOC-08816,0
DOC-08817,0
DOC-08818,0
DOC-08819,0
DOC-08820,0
DOC-08821,0
DOC-08822,0
DOC-08823,0
DOC-08824,0
DOC-08825,0
DOC-08826,0
DOC-08827,0
DOC-08828,0
DOC-08829,1
DOC-08830,0
DOC-08831,0
DOC-08832,0
DOC-08833,0
DOC-08834,0
DOC-08835,0
DOC-08836,0
DOC-08837,0
DOC-08838,0
DOC-08839,0
DOC-08840,0
DOC-08841,0
DOC-08842,0
DOC-08843,0
DOC-08844,0
DOC-08845,1
DOC-08846,0
DOC-08847,0
DOC-08848,0
DOC-08849,0
DOC-08850,0
DOC-08851,0
DOC-08852,1
DOC-08853,0
DOC-08854,0
DOC-08855,0
DOC-08856,1
DOC-08857,0
DOC-08858,0
DOC-08859,0
DOC-08860,0
DOC-08861,0
DOC-08862,1
DOC-08863,0
DOC-08864,0
DOC-08865,1
DOC-08866,0
DOC-08867,0
DOC-08868,0
DOC-08869,1
DOC-08870,0
DOC-08871,0
DOC-08872,1
DOC-08873,0
DOC-08874,0
DOC-08875,0
DOC-08876,0
DOC-08877,0
DOC-08878,0
DOC-08879,0
DOC-08880,0
DOC-08881,0
DOC-08882,0
DOC-08883,1
DOC-08884,0
DOC-08885,0
DOC-08886,0
DOC-08887,0
DOC-08888,0
DOC-08889,0
DOC-08890,0
DOC-08891,0
DOC-08892,1
DOC-08893,0
DOC-08894,0
DOC-08895,0
DOC-08896,0
DOC-08897,0
DOC-08898,0
DOC-08899,0
DOC-08900,1
DOC-08901,0
DOC-08902,1
DOC-08903,0
DOC-08904,1
DOC-08905,0
DOC-08906,0
DOC-08907,0
DOC-08908,0
DOC-08909,1
DOC-08910,0
DOC-08911,1
DOC-08912,1
DOC-08913,0
DOC-08914,0
DOC-08915,0
DOC-08916,1
DOC-08917,0
DOC-08918,0
DOC-08919,0
DOC-08920,0
DOC-08921,0
DOC-08922,0
DOC-08923,1
DOC-08924,0
DOC-08925,0
DOC-08926,0
DOC-08927,1
DOC-08928,0
DOC-08929,0
DOC-08930,0
DOC-08931,0
DOC-08932,0
DOC-08933,0
DOC-08934,0
DOC-08935,1
DOC-08936,0
DOC-08937,0
DOC-08938,0
DOC-08939,0
DOC-08940,0
DOC-08941,0
DOC-08942,0
DOC-08943,0
DOC-08944,1
DOC-08945,0
DOC-08946,1
DOC-08947,0
DOC-08948,1
DOC-08949,0
DOC-08950,0
DOC-08951,0
DOC-08952,0
DOC-08953,0
DOC-08954,1
DOC-08955,0
DOC-08956,1
DOC-08957,0
DOC-08958,0
DOC-08959,0
DOC-08960,0
DOC-08961,1
DOC-08962,1
DOC-08963,0
DOC-08964,0
DOC-08965,0
DOC-08966,0
DOC-08967,1
DOC-08968,0
DOC-08969,0
DOC-08970,0
DOC-08971,0
DOC-08972,0
DOC-08973,0
DOC-08974,0
DOC-08975,0
DOC-08976,0
DOC-08977,0
DOC-08978,0
DOC-08979,0
DOC-08980,1
DOC-08981,0
DOC-08982,0
DOC-08983,0
DOC-08984,0
DOC-08985,0
DOC-08986,0
DOC-08987,0
DOC-08988,0
DOC-08989,1
DOC-08990,0
DOC-08991,0
DOC-08992,0
DOC-08993,0
DOC-08994,0
DOC-08995,0
DOC-08996,0
DOC-08997,0
DOC-08998,0
DOC-08999,0
DOC-09000,0
DOC-09001,1
DOC-09002,0
DOC-09003,0
DOC-09004,0
DOC-09005,0
DOC-09006,0
DOC-09007,0
DOC-09008,0
DOC-09009,0
DOC-09010,0
DOC-09011,0
DOC-09012,0
DOC-09013,0
DOC-09014,0
DOC-09015,0
DOC-09016,1
DOC-09017,1
DOC-09018,0
DOC-09019,0
DOC-09020,1
DOC-09021,0
DOC-09022,0
DOC-09023,0
DOC-09024,0
DOC-09025,1
DOC-09026,0
DOC-09027,0
DOC-09028,0
DOC-09029,0
DOC-09030,0
DOC-09031,0
DOC-09032,0
DOC-09033,1
DOC-09034,0
DOC-09035,0
DOC-09036,0
DOC-09037,0
DOC-09038,0
DOC-09039,0
DOC-09040,0
DOC-09041,0
DOC-09042,1
DOC-09043,0
DOC-09044,0
DOC-09045,0
DOC-09046,1
DOC-09047,1
DOC-09048,1
DOC-09049,1
DOC-09050,0
DOC-09051,0
DOC-09052,0
DOC-09053,0
DOC-09054,0
DOC-09055,1
DOC-09056,0
DOC-09057,0
DOC-09058,0
DOC-09059,0
DOC-09060,0
DOC-09061,1
DOC-09062,0
DOC-09063,0
DOC-09064,0
DOC-09065,0
DOC-09066,0
DOC-09067,0
DOC-09068,1
DOC-09069,0
DOC-09070,0
DOC-09071,0
DOC-09072,0
DOC-09073,0
DOC-09074,0
DOC-09075,0
DOC-09076,0
DOC-09077,0
DOC-09078,0
DOC-09079,0
DOC-09080,1
DOC-09081,0
DOC-09082,0
DOC-09083,0
DOC-09084,0
DOC-09085,0
DOC-09086,0
DOC-09087,0
DOC-09088,0
DOC-09089,0
DOC-09090,0
DOC-09091,0
DOC-09092,1
DOC-09093,1
DOC-09094,0
DOC-09095,0
DOC-09096,1
DOC-09097,0
DOC-09098,0
DOC-09099,0
DOC-09100,0
DOC-09101,0
DOC-09102,0
DOC-09103,0
DOC-09104,1
DOC-09105,0
DOC-09106,1
DOC-09107,0
DOC-09108,0
DOC-09109,0
DOC-09110,0
DOC-09111,0
DOC-09112,0
DOC-09113,0
DOC-09114,0
DOC-09115,0
DOC-09116,0
DOC-09117,0
DOC-09118,0
DOC-09119,0
DOC-09120,0
DOC-09121,0
DOC-09122,1
DOC-09123,0
DOC-09124,1
DOC-09125,0
DOC-09126,0
DOC-09127,0
DOC-09128,1
DOC-09129,0
DOC-09130,0
DOC-09131,0
DOC-09132,0
DOC-09133,1
DOC-09134,0
DOC-09135,0
DOC-09136,0
DOC-09137,0
DOC-09138,0
DOC-09139,0
DOC-09140,0
DOC-09141,0
DOC-09142,1
DOC-09143,0
DOC-09144,0
DOC-09145,1
DOC-09146,0
DOC-09147,0
DOC-09148,0
DOC-09149,0
DOC-09150,0
DOC-09151,0
DOC-09152,0
DOC-09153,0
DOC-09154,0
DOC-09155,1
DOC-09156,0
DOC-09157,0
DOC-09158,0
DOC-09159,0
DOC-09160,0
DOC-09161,0
DOC-09162,1
DOC-09163,0
DOC-09164,0
DOC-09165,0
DOC-09166,0
DOC-09167,1
DOC-09168,0
DOC-09169,0
DOC-09170,0
DOC-09171,0
DOC-09172,0
DOC-09173,0
DOC-09174,0
DOC-09175,0
DOC-09176,0
DOC-09177,1
DOC-09178,0
DOC-09179,0
DOC-09180,0
DOC-09181,0
DOC-09182,0
DOC-09183,0
DOC-09184,0
DOC-09185,0
DOC-09186,1
DOC-09187,0
DOC-09188,0
DOC-09189,0
DOC-09190,0
DOC-09191,0
DOC-09192,1
DOC-09193,0
DOC-09194,0
DOC-09195,0
DOC-09196,0
DOC-09197,0
DOC-09198,0
DOC-09199,0
DOC-09200,1
DOC-09201,1
DOC-09202,0
DOC-09203,0
DOC-09204,0
DOC-09205,0
DOC-09206,0
DOC-09207,0
DOC-09208,0
DOC-09209,1
DOC-09210,0
DOC-09211,1
DOC-09212,0
DOC-09213,1
DOC-09214,0
DOC-09215,0
DOC-09216,0
DOC-09217,0
DOC-09218,0
DOC-09219,0
DOC-09220,0
DOC-09221,1
DOC-09222,1
DOC-09223,0
DOC-09224,1
DOC-09225,1
DOC-09226,0
DOC-09227,0
DOC-09228,0
DOC-09229,1
DOC-09230,0
DOC-09231,0
DOC-09232,1
DOC-09233,0
DOC-09234,0
DOC-09235,0
DOC-09236,1
DOC-09237,0
DOC-09238,0
DOC-09239,0
DOC-09240,0
DOC-09241,0
DOC-09242,0
DOC-09243,0
DOC-09244,0
DOC-09245,0
DOC-09246,0
DOC-09247,0
DOC-09248,0
DOC-09249,0
DOC-09250,0
DOC-09251,1
DOC-09252,0
DOC-09253,0
DOC-09254,0
DOC-09255,0
DOC-09256,0
DOC-09257,0
DOC-09258,0
DOC-09259,1
DOC-09260,0
DOC-09261,0
DOC-09262,1
DOC-09263,0
DOC-09264,0
DOC-09265,0
DOC-09266,0
DOC-09267,0
DOC-09268,1
DOC-09269,0
DOC-09270,0
DOC-09271,0
DOC-09272,0
DOC-09273,0
DOC-09274,0
DOC-09275,0
DOC-09276,0
DOC-09277,0
DOC-09278,0
DOC-09279,0
DOC-09280,0
DOC-09281,0
DOC-09282,0
DOC-09283,0
DOC-09284,0
DOC-09285,1
DOC-09286,0
DOC-09287,0
DOC-09288,0
DOC-09289,0
DOC-09290,0
DOC-09291,0
DOC-09292,0
DOC-09293,0
DOC-09294,0
DOC-09295,0
DOC-09296,0
DOC-09297,0
DOC-09298,0
DOC-09299,0
DOC-09300,0
DOC-09301,0
DOC-09302,0
DOC-09303,0
DOC-09304,1
DOC-09305,0
DOC-09306,1
DOC-09307,0
DOC-09308,0
DOC-09309,0
DOC-09310,1
DOC-09311,0
DOC-09312,1
DOC-09313,0
DOC-09314,0
DOC-09315,1
DOC-09316,0
DOC-09317,1
DOC-09318,0
DOC-09319,0
DOC-09320,0
DOC-09321,0
DOC-09322,0
DOC-09323,0
DOC-09324,0
DOC-09325,0
DOC-09326,0
DOC-09327,0
DOC-09328,1
DOC-09329,0
DOC-09330,0
DOC-09331,0
DOC-09332,0
DOC-09333,0
DOC-09334,0
DOC-09335,0
DOC-09336,1
DOC-09337,1
DOC-09338,0
DOC-09339,0
DOC-09340,1
DOC-09341,0
DOC-09342,0
DOC-09343,0
DOC-09344,0
DOC-09345,0
DOC-09346,0
DOC-09347,0
DOC-09348,0
DOC-09349,0
DOC-09350,0
DOC-09351,0
DOC-09352,1
DOC-09353,1
DOC-09354,0
DOC-09355,0
DOC-09356,0
DOC-09357,0
DOC-09358,0
DOC-09359,1
DOC-09360,0
DOC-09361,0
DOC-09362,0
DOC-09363,0
DOC-09364,0
DOC-09365,0
DOC-09366,0
DOC-09367,0
DOC-09368,0
DOC-09369,0
DOC-09370,0
DOC-09371,0
DOC-09372,0
DOC-09373,0
DOC-09374,0
DOC-09375,0
DOC-09376,0
DOC-09377,0
DOC-09378,0
DOC-09379,0
DOC-09380,0
DOC-09381,0
DOC-09382,0
DOC-09383,1
DOC-09384,0
DOC-09385,0
DOC-09386,0
DOC-09387,0
DOC-09388,0
DOC-09389,0
DOC-09390,0
DOC-09391,1
DOC-09392,0
DOC-09393,0
DOC-09394,0
DOC-09395,0
DOC-09396,0
DOC-09397,0
DOC-09398,0
DOC-09399,0
DOC-09400,0
DOC-09401,0
DOC-09402,0
DOC-09403,0
DOC-09404,0
DOC-09405,1
DOC-09406,1
DOC-09407,0
DOC-09408,0
DOC-09409,1
DOC-09410,0
DOC-09411,0
DOC-09412,0
DOC-09413,0
DOC-09414,0
DOC-09415,1
DOC-09416,0
DOC-09417,0
DOC-09418,0
DOC-09419,0
DOC-09420,1
DOC-09421,0
DOC-09422,0
DOC-09423,0
DOC-09424,0
DOC-09425,1
DOC-09426,0
DOC-09427,0
DOC-09428,0
DOC-09429,0
DOC-09430,0
DOC-09431,0
DOC-09432,0
DOC-09433,1
DOC-09434,0
DOC-09435,1
DOC-09436,0
DOC-09437,0
DOC-09438,0
DOC-09439,1
DOC-09440,0
DOC-09441,1
DOC-09442,0
DOC-09443,0
DOC-09444,1
DOC-09445,1
DOC-09446,1
DOC-09447,0
DOC-09448,0
DOC-09449,0
DOC-09450,0
DOC-09451,0
DOC-09452,0
DOC-09453,0
DOC-09454,0
DOC-09455,0
DOC-09456,0
DOC-09457,0
DOC-09458,1
DOC-09459,0
DOC-09460,0
DOC-09461,0
DOC-09462,0
DOC-09463,0
DOC-09464,0
DOC-09465,0
DOC-09466,0
DOC-09467,0
DOC-09468,0
DOC-09469,0
DOC-09470,0
DOC-09471,0
DOC-09472,0
DOC-09473,1
DOC-09474,0
DOC-09475,0
DOC-09476,0
DOC-09477,1
DOC-09478,0
DOC-09479,0
DOC-09480,0
DOC-09481,0
DOC-09482,0
DOC-09483,0
DOC-09484,0
DOC-09485,1
DOC-09486,0
DOC-09487,0
DOC-09488,1
DOC-09489,0
DOC-09490,0
DOC-09491,1
DOC-09492,0
DOC-09493,0
DOC-09494,0
DOC-09495,0
DOC-09496,0
DOC-09497,0
DOC-09498,0
DOC-09499,0
DOC-09500,1
DOC-09501,0
DOC-09502,0
DOC-09503,1
DOC-09504,0
DOC-09505,0
DOC-09506,0
DOC-09507,0
DOC-09508,0
DOC-09509,0
DOC-09510,0
DOC-09511,0
DOC-09512,0
DOC-09513,1
DOC-09514,0
DOC-09515,1
DOC-09516,1
DOC-09517,0
DOC-09518,0
DOC-09519,1
DOC-09520,0
DOC-09521,0
DOC-09522,0
DOC-09523,0
DOC-09524,1
DOC-09525,0
DOC-09526,0
DOC-09527,0
DOC-09528,1
DOC-09529,0
DOC-09530,0
DOC-09531,0
DOC-09532,0
DOC-09533,0
DOC-09534,1
DOC-09535,0
DOC-09536,1
DOC-09537,0
DOC-09538,0
DOC-09539,0
DOC-09540,0
DOC-09541,0
DOC-09542,0
DOC-09543,0
DOC-09544,1
DOC-09545,1
DOC-09546,0
DOC-09547,0
DOC-09548,0
DOC-09549,0
DOC-09550,0
DOC-09551,0
DOC-09552,0
DOC-09553,0
DOC-09554,0
DOC-09555,1
DOC-09556,0
DOC-09557,0
DOC-09558,0
DOC-09559,0
DOC-09560,0
DOC-09561,0
DOC-09562,1
DOC-09563,0
DOC-09564,0
DOC-09565,1
DOC-09566,0
DOC-09567,1
DOC-09568,0
DOC-09569,0
DOC-09570,0
DOC-09571,0
DOC-09572,0
DOC-09573,0
DOC-09574,0
DOC-09575,0
DOC-09576,0
DOC-09577,1
DOC-09578,0
DOC-09579,0
DOC-09580,0
DOC-09581,0
DOC-09582,0
DOC-09583,0
DOC-09584,0
DOC-09585,1
DOC-09586,0
DOC-09587,0
DOC-09588,1
DOC-09589,0
DOC-09590,0
DOC-09591,0
DOC-09592,0
DOC-09593,0
DOC-09594,0
DOC-09595,0
DOC-09596,0
DOC-09597,1
DOC-09598,0
DOC-09599,0
DOC-09600,0
DOC-09601,0
DOC-09602,0
DOC-09603,0
DOC-09604,0
DOC-09605,0
DOC-09606,0
DOC-09607,0
DOC-09608,0
DOC-09609,0
DOC-09610,0
DOC-09611,0
DOC-09612,1
DOC-09613,0
DOC-09614,1
DOC-09615,0
DOC-09616,0
DOC-09617,0
DOC-09618,1
DOC-09619,0
DOC-09620,1
DOC-09621,1
DOC-09622,1
DOC-09623,1
DOC-09624,0
DOC-09625,0
DOC-09626,0
DOC-09627,0
DOC-09628,1
DOC-09629,0
DOC-09630,0
DOC-09631,1
DOC-09632,1
DOC-09633,0
DOC-09634,1
DOC-09635,1
DOC-09636,1
DOC-09637,0
DOC-09638,0
DOC-09639,0
DOC-09640,0
DOC-09641,0
DOC-09642,0
DOC-09643,0
DOC-09644,0
DOC-09645,0
DOC-09646,0
DOC-09647,0
DOC-09648,0
DOC-09649,0
DOC-09650,0
DOC-09651,0
DOC-09652,0
DOC-09653,1
DOC-09654,0
DOC-09655,1
DOC-09656,0
DOC-09657,0
DOC-09658,1
DOC-09659,0
DOC-09660,0
DOC-09661,1
DOC-09662,0
DOC-09663,0
DOC-09664,0
DOC-09665,0
DOC-09666,0
DOC-09667,0
DOC-09668,0
DOC-09669,0
DOC-09670,1
DOC-09671,0
DOC-09672,1
DOC-09673,1
DOC-09674,0
DOC-09675,0
DOC-09676,0
DOC-09677,0
DOC-09678,0
DOC-09679,0
DOC-09680,0
DOC-09681,1
DOC-09682,0
DOC-09683,0
DOC-09684,0
DOC-09685,0
DOC-09686,0
DOC-09687,0
DOC-09688,0
DOC-09689,0
DOC-09690,0
DOC-09691,0
DOC-09692,0
DOC-09693,0
DOC-09694,1
DOC-09695,0
DOC-09696,1
DOC-09697,0
DOC-09698,0
DOC-09699,0
DOC-09700,0
DOC-09701,1
DOC-09702,1
DOC-09703,0
DOC-09704,0
DOC-09705,0
DOC-09706,0
DOC-09707,1
DOC-09708,1
DOC-09709,0
DOC-09710,0
DOC-09711,0
DOC-09712,1
DOC-09713,0
DOC-09714,0
DOC-09715,1
DOC-09716,0
DOC-09717,0
DOC-09718,1
DOC-09719,0
DOC-09720,0
DOC-09721,0
DOC-09722,0
DOC-09723,0
DOC-09724,0
DOC-09725,1
DOC-09726,0
DOC-09727,1
DOC-09728,0
DOC-09729,0
DOC-09730,1
DOC-09731,0
DOC-09732,0
DOC-09733,0
DOC-09734,0
DOC-09735,0
DOC-09736,1
DOC-09737,0
DOC-09738,0
DOC-09739,0
DOC-09740,0
DOC-09741,0
DOC-09742,1
DOC-09743,0
DOC-09744,0
DOC-09745,1
DOC-09746,0
DOC-09747,1
DOC-09748,0
DOC-09749,0
DOC-09750,0
DOC-09751,0
DOC-09752,0
DOC-09753,0
DOC-09754,0
DOC-09755,1
DOC-09756,0
DOC-09757,0
DOC-09758,1
DOC-09759,0
DOC-09760,0
DOC-09761,0
DOC-09762,1
DOC-09763,0
DOC-09764,1
DOC-09765,0
DOC-09766,0
DOC-09767,1
DOC-09768,0
DOC-09769,1
DOC-09770,0
DOC-09771,0
DOC-09772,0
DOC-09773,0
DOC-09774,0
DOC-09775,0
DOC-09776,0
DOC-09777,1
DOC-09778,0
DOC-09779,0
DOC-09780,0
DOC-09781,0
DOC-09782,1
DOC-09783,0
DOC-09784,0
DOC-09785,0
DOC-09786,0
DOC-09787,0
DOC-09788,0
DOC-09789,0
DOC-09790,0
DOC-09791,0
DOC-09792,0
DOC-09793,0
DOC-09794,0
DOC-09795,0
DOC-09796,0
DOC-09797,0
DOC-09798,0
DOC-09799,0
DOC-09800,0
DOC-09801,0
DOC-09802,0
DOC-09803,0
DOC-09804,0
DOC-09805,0
DOC-09806,1
DOC-09807,1
DOC-09808,0
DOC-09809,0
DOC-09810,1
DOC-09811,0
DOC-09812,0
DOC-09813,0
DOC-09814,0
DOC-09815,0
DOC-09816,0
DOC-09817,0
DOC-09818,1
DOC-09819,0
DOC-09820,1
DOC-09821,0
DOC-09822,0
DOC-09823,0
DOC-09824,0
DOC-09825,1
DOC-09826,0
DOC-09827,1
DOC-09828,0
DOC-09829,0
DOC-09830,0
DOC-09831,0
DOC-09832,0
DOC-09833,0
DOC-09834,0
DOC-09835,0
DOC-09836,1
DOC-09837,1
DOC-09838,0
DOC-09839,0
DOC-09840,0
DOC-09841,0
DOC-09842,0
DOC-09843,0
DOC-09844,0
DOC-09845,0
DOC-09846,0
DOC-09847,0
DOC-09848,0
DOC-09849,0
DOC-09850,0
DOC-09851,0
DOC-09852,1
DOC-09853,0
DOC-09854,0
DOC-09855,1
DOC-09856,0
DOC-09857,0
DOC-09858,0
DOC-09859,0
DOC-09860,0
DOC-09861,1
DOC-09862,0
DOC-09863,0
DOC-09864,0
DOC-09865,0
DOC-09866,0
DOC-09867,0
DOC-09868,0
DOC-09869,0
DOC-09870,0
DOC-09871,0
DOC-09872,0
DOC-09873,0
DOC-09874,1
DOC-09875,0
DOC-09876,1
DOC-09877,0
DOC-09878,0
DOC-09879,1
DOC-09880,0
DOC-09881,1
DOC-09882,0
DOC-09883,0
DOC-09884,0
DOC-09885,0
DOC-09886,0
DOC-09887,0
DOC-09888,1
DOC-09889,0
DOC-09890,0
DOC-09891,1
DOC-09892,0
DOC-09893,0
DOC-09894,0
DOC-09895,0
DOC-09896,0
DOC-09897,0
DOC-09898,0
DOC-09899,0
DOC-09900,0
DOC-09901,1
DOC-09902,0
DOC-09903,0
DOC-09904,0
DOC-09905,0
DOC-09906,0
DOC-09907,0
DOC-09908,0
DOC-09909,0
DOC-09910,0
DOC-09911,0
DOC-09912,0
DOC-09913,1
DOC-09914,0
DOC-09915,0
DOC-09916,0
DOC-09917,0
DOC-09918,1
DOC-09919,0
DOC-09920,1
DOC-09921,0
DOC-09922,0
DOC-09923,0
DOC-09924,0
DOC-09925,0
DOC-09926,0
DOC-09927,1
DOC-09928,0
DOC-09929,0
DOC-09930,0
DOC-09931,0
DOC-09932,0
DOC-09933,0
DOC-09934,0
DOC-09935,0
DOC-09936,0
DOC-09937,1
DOC-09938,0
DOC-09939,0
DOC-09940,1
DOC-09941,1
DOC-09942,0
DOC-09943,0
DOC-09944,0
DOC-09945,1
DOC-09946,0
DOC-09947,1
DOC-09948,0
DOC-09949,0
DOC-09950,1
DOC-09951,0
DOC-09952,0
DOC-09953,0
DOC-09954,0
DOC-09955,1
DOC-09956,0
DOC-09957,0
DOC-09958,0
DOC-09959,0
DOC-09960,0
DOC-09961,0
DOC-09962,1
DOC-09963,1
DOC-09964,0
DOC-09965,0
DOC-09966,0
DOC-09967,0
DOC-09968,0
DOC-09969,0
DOC-09970,1
DOC-09971,1
DOC-09972,0
DOC-09973,0
DOC-09974,0
DOC-09975,0
DOC-09976,0
DOC-09977,0
DOC-09978,0
DOC-09979,0
DOC-09980,0
DOC-09981,0
DOC-09982,0
DOC-09983,1
DOC-09984,0
DOC-09985,0
DOC-09986,0
DOC-09987,1
DOC-09988,0
DOC-09989,1
DOC-09990,0
DOC-09991,0
DOC-09992,0
DOC-09993,0
DOC-09994,0
DOC-09995,0
DOC-09996,0
DOC-09997,0
DOC-09998,0
DOC-09999,0
